time;X_value;Y_value;Z_value
0,0084;0,00178;0,00366;-0,00016
0,0158;-0,00089;0,00206;-0,00070
0,0255;0,00018;0,00152;0,00090
0,0358;-0,00142;-0,00114;-0,00070
0,0456;-0,00035;-0,00007;0,00037
0,0558;0,00231;-0,00114;-0,00176
0,0655;-0,00142;0,00152;0,00037
0,0760;-0,00195;0,00099;-0,00070
0,0863;-0,00089;0,00152;-0,00016
0,0966;0,00178;-0,00061;0,00090
0,1091;0,00178;-0,00061;-0,00123
0,1166;0,00018;0,00312;-0,00070
0,1310;0,00125;0,00046;0,00090
0,1401;-0,00142;0,00046;-0,00176
0,1467;0,00178;-0,00007;-0,00123
0,1572;0,00018;0,00099;-0,00016
0,1673;0,00178;-0,00061;-0,00176
0,1780;-0,00195;0,00099;-0,00176
0,1882;0,00231;-0,00061;-0,00176
0,1980;0,00071;-0,00114;-0,00229
0,2090;0,00231;-0,00007;0,00250
0,2184;-0,00035;0,00312;0,00037
0,2323;-0,00248;-0,00114;0,00037
0,2451;-0,00089;-0,00114;-0,00123
0,2487;0,00125;0,00046;-0,00123
0,2589;0,00125;0,00046;-0,00016
0,2689;-0,00035;-0,00167;-0,00016
0,2793;0,00071;0,00152;-0,00336
0,2896;0,00178;-0,00061;-0,00070
0,2993;0,00338;0,00099;0,00090
0,3096;0,00018;0,00259;-0,00070
0,3199;0,00284;0,00099;-0,00176
0,3260;0,00071;-0,00167;-0,00070
0,3358;0,00071;0,00152;-0,00016
0,3461;0,00071;0,00152;-0,00016
0,3582;0,00125;0,00046;-0,00123
0,3659;0,00018;0,00206;-0,00123
0,3829;0,00071;0,00099;-0,00229
0,3858;-0,00195;-0,00167;0,00037
0,4070;0,00338;-0,00061;0,00090
0,4092;0,00178;0,00046;-0,00016
0,4163;0,00125;0,00099;-0,00123
0,4263;0,00338;0,00152;-0,00070
0,4363;0,00178;-0,00007;-0,00016
0,4465;0,00018;0,00152;-0,00229
0,4569;0,00178;0,00152;-0,00016
0,4666;0,00284;-0,00167;-0,00123
0,4773;0,00284;-0,00061;0,00090
0,4878;0,00338;0,00259;-0,00176
0,4981;0,00231;0,00046;-0,00123
0,5089;0,00231;0,00046;0,00143
0,5186;0,00018;0,00152;-0,00070
0,5285;-0,00035;-0,00220;0,00037
0,5389;0,00231;0,00152;-0,00123
0,5483;0,00018;-0,00061;-0,00070
0,5596;-0,00089;0,00099;0,00037
0,5688;0,00178;-0,00007;-0,00229
0,5792;0,00125;0,00099;-0,00123
0,5902;0,00018;-0,00061;0,00037
0,5997;0,00018;-0,00114;-0,00070
0,6121;0,00231;0,00046;-0,00016
0,6202;0,00071;-0,00167;-0,00070
0,6329;-0,00195;-0,00167;-0,00070
0,6363;0,00018;0,00099;-0,00176
0,6456;0,00284;-0,00114;-0,00016
0,6568;0,00071;-0,00114;-0,00176
0,6692;0,00071;0,00046;-0,00176
0,6764;-0,00035;0,00046;0,00037
0,6866;0,00125;0,00046;-0,00070
0,6962;0,00231;-0,00007;-0,00016
0,7080;0,00071;0,00046;-0,00016
0,7167;-0,00035;0,00259;0,00037
0,7269;0,00018;0,00099;-0,00070
0,7369;0,00125;-0,00061;-0,00016
0,7470;0,00071;0,00099;-0,00336
0,7692;0,00125;-0,00061;-0,00016
0,7695;0,00071;-0,00007;-0,00016
0,7783;0,00444;-0,00167;-0,00123
0,7882;0,00071;0,00099;-0,00070
0,7985;0,00178;0,00099;-0,00016
0,8093;0,00178;0,00046;0,00143
0,8188;0,00231;0,00046;-0,00070
0,8301;0,00178;-0,00114;0,00037
0,8395;0,00071;-0,00061;-0,00070
0,8492;0,00178;0,00099;-0,00336
0,8599;-0,00142;-0,00061;-0,00016
0,8698;0,00125;0,00312;0,00143
0,8850;0,00071;0,00046;0,00090
0,8914;0,00284;-0,00061;0,00090
0,8996;0,00231;-0,00007;-0,00016
0,9125;-0,00035;0,00046;-0,00123
0,9200;0,00018;-0,00007;0,00090
0,9308;0,00284;0,00152;-0,00176
0,9359;0,00231;-0,00114;-0,00016
0,9470;0,00018;0,00152;-0,00016
0,9569;-0,00035;0,00046;-0,00070
0,9674;0,00178;-0,00007;-0,00176
0,9764;0,00178;-0,00061;-0,00229
0,9860;0,00231;0,00099;-0,00070
0,9969;0,00178;-0,00007;0,00037
1,0065;0,00071;0,00046;-0,00016
1,0231;0,00125;0,00152;0,00090
1,0266;0,00071;-0,00220;-0,00176
1,0364;-0,00035;-0,00007;-0,00016
1,0467;0,00178;-0,00167;0,00037
1,0569;0,00125;0,00152;-0,00070
1,0666;0,00125;-0,00007;0,00143
1,0802;0,00071;-0,00007;-0,00070
1,0872;-0,00089;-0,00114;0,00143
1,0975;0,00018;0,00046;-0,00123
1,1086;0,00231;0,00099;-0,00123
1,1201;-0,00089;0,00046;-0,00016
1,1327;0,00071;-0,00114;0,00037
1,1379;0,00125;-0,00061;-0,00070
1,1484;-0,00195;0,00099;-0,00070
1,1583;-0,00089;0,00099;-0,00123
1,1686;0,00231;0,00206;0,00143
1,1789;0,00018;-0,00061;0,00037
1,1897;-0,00089;0,00099;-0,00016
1,1990;0,00125;0,00099;0,00090
1,2096;0,00071;-0,00061;-0,00016
1,2197;0,00071;0,00259;-0,00176
1,2301;0,00231;-0,00007;-0,00176
1,2366;0,00231;0,00152;0,00090
1,2463;0,00125;0,00046;-0,00070
1,2568;0,00018;-0,00007;-0,00070
1,2651;0,00071;-0,00061;-0,00123
1,2764;0,00391;-0,00007;-0,00016
1,2859;0,00125;0,00152;-0,00016
1,2955;-0,00089;0,00099;0,00090
1,3058;0,00178;-0,00007;0,00037
1,3161;0,00018;-0,00061;-0,00016
1,3262;0,00338;0,00312;0,00143
1,3368;0,00178;-0,00007;-0,00123
1,3467;0,00018;0,00099;-0,00123
1,3573;0,00071;0,00046;-0,00016
1,3670;-0,00089;-0,00007;-0,00283
1,3874;0,00284;-0,00061;-0,00016
1,3878;0,00231;0,00206;-0,00229
1,3981;0,00018;-0,00061;-0,00123
1,4081;0,00018;0,00046;-0,00123
1,4183;0,00125;0,00099;-0,00016
1,4287;0,00125;0,00152;-0,00123
1,4381;0,00178;0,00046;-0,00229
1,4496;0,00071;0,00046;-0,00123
1,4586;0,00071;0,00046;-0,00123
1,4700;0,00125;0,00099;-0,00016
1,4791;0,00125;0,00046;-0,00123
1,4897;0,00125;0,00206;-0,00016
1,5010;0,00178;0,00099;-0,00070
1,5099;0,00125;0,00046;-0,00176
1,5222;0,00125;0,00046;0,00143
1,5296;0,00071;-0,00061;-0,00229
1,5400;0,00071;-0,00061;-0,00123
1,5459;0,00125;0,00152;-0,00176
1,5558;0,00178;0,00046;0,00037
1,5665;-0,00142;-0,00007;0,00143
1,5763;0,00125;0,00099;-0,00123
1,5871;-0,00089;0,00046;-0,00176
1,5967;-0,00035;0,00046;0,00037
1,6067;-0,00035;0,00046;0,00037
1,6160;-0,00035;0,00152;-0,00123
1,6287;-0,00089;0,00099;-0,00016
1,6389;0,00231;-0,00007;-0,00070
1,6474;0,00018;-0,00274;0,00037
1,6570;0,00231;-0,00114;-0,00070
1,6671;0,00178;-0,00007;0,00090
1,6769;-0,00089;0,00046;-0,00070
1,6872;-0,00089;-0,00380;0,00090
1,6972;0,00018;0,00152;-0,00070
1,7078;-0,00089;0,00259;-0,00123
1,7188;-0,00089;0,00152;-0,00123
1,7288;0,00178;0,00046;-0,00070
1,7400;-0,00142;-0,00061;-0,00070
1,7488;-0,00248;0,00259;0,00037
1,7597;0,00071;-0,00114;-0,00176
1,7769;-0,00248;-0,00114;-0,00123
1,7804;-0,00142;0,00259;-0,00070
1,7913;-0,00195;-0,00061;-0,00070
1,7993;-0,00248;0,00099;-0,00016
1,8096;-0,00408;-0,00114;0,00090
1,8199;-0,00035;0,00206;-0,00176
1,8307;-0,00035;-0,00167;0,00037
1,8470;-0,00089;0,00046;-0,00123
1,8491;-0,00195;0,00152;0,00037
1,8552;0,00071;0,00152;0,00037
1,8655;-0,00035;-0,00114;0,00143
1,8758;-0,00035;-0,00167;-0,00176
1,8858;0,00284;0,00099;-0,00123
1,9019;-0,00035;-0,00007;-0,00016
1,9055;-0,00035;0,00046;-0,00283
1,9176;-0,00035;-0,00007;-0,00016
1,9261;0,00018;0,00046;-0,00016
1,9362;0,00071;-0,00061;-0,00016
1,9466;0,00018;-0,00061;0,00037
1,9566;-0,00195;0,00152;-0,00016
1,9669;0,00125;-0,00167;-0,00070
1,9777;0,00071;-0,00007;-0,00016
1,9871;0,00231;0,00046;-0,00283
1,9980;0,00018;0,00099;-0,00123
2,0083;-0,00035;0,00099;-0,00070
2,0183;0,00125;0,00046;-0,00070
2,0274;0,00125;-0,00061;0,00037
2,0381;-0,00089;-0,00167;-0,00070
2,0481;0,00178;0,00099;0,00037
2,0585;0,00018;-0,00114;0,00037
2,0692;0,00231;-0,00114;-0,00070
2,0794;0,00231;-0,00061;-0,00070
2,0897;0,00231;0,00046;0,00090
2,0992;0,00231;-0,00061;-0,00229
2,1094;0,00284;-0,00220;-0,00123
2,1197;0,00071;-0,00114;-0,00176
2,1298;0,00178;-0,00007;-0,00016
2,1405;0,00125;-0,00061;-0,00070
2,1567;0,00125;-0,00114;-0,00016
2,1569;-0,00035;-0,00114;0,00037
2,1663;0,00125;0,00046;-0,00016
2,1757;0,00071;0,00046;-0,00123
2,1860;0,00071;-0,00061;-0,00176
2,1959;0,00391;0,00259;-0,00016
2,2063;0,00178;-0,00167;-0,00016
2,2169;0,00125;-0,00007;-0,00229
2,2262;0,00018;0,00046;-0,00016
2,2362;0,00125;0,00046;0,00037
2,2465;0,00178;-0,00007;0,00037
2,2566;0,00071;0,00046;-0,00123
2,2739;-0,00142;-0,00114;0,00037
2,2770;0,00125;0,00046;0,00143
2,2889;-0,00035;-0,00167;-0,00070
2,2965;-0,00089;-0,00061;-0,00016
2,3072;-0,00035;0,00152;0,00037
2,3175;0,00231;-0,00061;-0,00176
2,3286;0,00071;-0,00007;0,00037
2,3390;0,00071;-0,00061;-0,00123
2,3487;0,00125;0,00099;-0,00016
2,3590;0,00018;0,00046;-0,00016
2,3696;0,00125;-0,00007;0,00037
2,3792;0,00071;0,00099;0,00090
2,3894;0,00178;-0,00061;-0,00176
2,4104;0,00018;-0,00007;-0,00016
2,4105;0,00071;-0,00167;-0,00070
2,4189;0,00071;0,00046;0,00037
2,4291;-0,00142;-0,00061;-0,00123
2,4397;0,00071;-0,00167;-0,00176
2,4501;0,00018;-0,00007;-0,00123
2,4559;0,00018;0,00046;-0,00070
2,4666;-0,00195;-0,00114;-0,00016
2,4790;0,00071;-0,00061;-0,00123
2,4864;0,00125;0,00099;-0,00123
2,4962;0,00125;0,00046;-0,00123
2,5066;-0,00089;-0,00167;0,00037
2,5173;-0,00248;-0,00061;-0,00123
2,5262;0,00071;-0,00007;0,00037
2,5534;0,00231;-0,00114;-0,00070
2,5536;0,00125;0,00206;-0,00070
2,5562;0,00284;-0,00007;0,00037
2,5670;-0,00035;0,00259;-0,00176
2,5764;0,00125;0,00046;-0,00229
2,5869;0,00231;0,00099;0,00037
2,5963;-0,00195;-0,00167;-0,00176
2,6069;-0,00035;0,00099;-0,00123
2,6175;0,00071;0,00046;-0,00016
2,6279;0,00178;0,00366;-0,00070
2,6383;0,00125;0,00099;-0,00176
2,6486;0,00071;0,00152;-0,00070
2,6606;0,00178;0,00152;-0,00070
2,6706;0,00071;0,00046;-0,00176
2,6793;0,00125;-0,00061;0,00143
2,6889;-0,00035;-0,00061;-0,00070
2,6993;0,00071;0,00099;0,00037
2,7087;-0,00035;0,00259;-0,00070
2,7188;0,00125;0,00099;0,00037
2,7299;-0,00142;0,00046;-0,00123
2,7402;-0,00248;-0,00167;-0,00123
2,7506;0,00231;0,00046;0,00143
2,7608;-0,00035;-0,00061;-0,00123
2,7671;0,00178;0,00046;-0,00070
2,7754;0,00125;-0,00007;-0,00123
2,7907;-0,00035;0,00099;0,00037
2,7963;0,00125;0,00259;-0,00123
2,8070;0,00125;-0,00061;-0,00070
2,8159;-0,00089;-0,00061;-0,00016
2,8257;0,00178;-0,00061;-0,00123
2,8363;-0,00035;0,00046;0,00143
2,8469;0,00018;0,00099;-0,00176
2,8571;0,00178;-0,00167;-0,00070
2,8667;-0,00035;0,00046;-0,00176
2,8769;0,00178;-0,00274;-0,00123
2,8870;0,00018;-0,00007;0,00197
2,8973;-0,00089;0,00099;-0,00176
2,9137;0,00178;-0,00061;-0,00123
2,9176;0,00018;0,00206;-0,00016
2,9276;0,00178;-0,00167;-0,00123
2,9378;0,00178;-0,00061;-0,00229
2,9481;-0,00142;-0,00061;0,00037
2,9583;-0,00035;-0,00061;-0,00070
2,9696;-0,00089;-0,00220;-0,00070
2,9791;-0,00035;-0,00114;-0,00016
2,9893;0,00125;0,00152;-0,00123
2,9999;0,00071;0,00046;-0,00070
3,0099;-0,00035;-0,00061;-0,00070
3,0207;0,00231;0,00099;0,00037
3,0298;0,00071;0,00099;-0,00123
3,0460;0,00178;-0,00007;0,00037
3,0490;-0,00142;0,00046;-0,00070
3,0608;0,00071;0,00046;-0,00016
3,0660;-0,00089;-0,00167;-0,00123
3,0769;-0,00142;-0,00114;0,00037
3,0866;0,00284;0,00046;-0,00016
3,0960;0,00018;0,00099;-0,00070
3,1060;0,00018;-0,00061;0,00037
3,1160;0,00018;-0,00061;-0,00016
3,1264;-0,00089;-0,00007;-0,00123
3,1373;0,00178;-0,00007;-0,00070
3,1461;-0,00089;-0,00007;-0,00016
3,1641;-0,00035;-0,00167;-0,00070
3,1664;0,00231;-0,00007;0,00143
3,1763;0,00018;0,00099;0,00090
3,1886;0,00125;-0,00061;0,00197
3,1970;0,00018;0,00046;-0,00123
3,2069;0,00071;0,00046;-0,00016
3,2172;0,00391;-0,00007;-0,00176
3,2285;0,00125;-0,00007;0,00090
3,2382;-0,00195;-0,00061;-0,00070
3,2481;0,00018;0,00046;-0,00070
3,2584;-0,00035;0,00046;-0,00123
3,2693;0,00071;-0,00114;0,00037
3,2787;0,00125;0,00152;-0,00070
3,2941;0,00178;-0,00061;-0,00176
3,2986;0,00018;0,00099;-0,00176
3,3094;0,00018;-0,00007;-0,00016
3,3190;0,00231;0,00046;-0,00070
3,3287;0,00231;-0,00007;-0,00123
3,3389;-0,00035;0,00206;-0,00176
3,3496;0,00284;0,00152;-0,00070
3,3594;0,00018;0,00099;-0,00070
3,3699;0,00018;-0,00061;-0,00070
3,3763;0,00125;0,00099;-0,00016
3,3865;0,00231;0,00046;-0,00016
3,3962;0,00071;-0,00007;-0,00123
3,4058;-0,00089;0,00206;-0,00176
3,4164;0,00071;-0,00061;-0,00229
3,4262;-0,00035;0,00099;-0,00016
3,4353;0,00018;-0,00061;0,00037
3,4468;0,00071;0,00259;-0,00016
3,4565;-0,00035;-0,00007;-0,00016
3,4660;0,00018;0,00152;-0,00016
3,4768;0,00018;-0,00061;0,00037
3,4859;0,00125;0,00099;-0,00229
3,4973;0,00125;-0,00007;-0,00070
3,5070;-0,00035;0,00099;-0,00016
3,5174;0,00284;-0,00061;-0,00123
3,5301;0,00125;0,00099;-0,00229
3,5383;0,00178;-0,00061;0,00090
3,5498;-0,00035;-0,00114;-0,00176
3,5583;0,00071;0,00046;-0,00070
3,5691;-0,00035;-0,00167;-0,00016
3,5794;-0,00142;0,00046;0,00250
3,5895;0,00071;-0,00061;-0,00176
3,5998;0,00125;0,00206;-0,00070
3,6104;-0,00142;-0,00061;-0,00070
3,6199;0,00071;-0,00007;0,00143
3,6298;0,00231;0,00152;-0,00016
3,6403;0,00391;-0,00007;-0,00016
3,6502;-0,00195;-0,00167;-0,00070
3,6608;-0,00035;0,00206;-0,00123
3,6704;-0,00035;0,00259;-0,00123
3,6840;-0,00089;0,00099;0,00090
3,6859;0,00497;-0,00114;-0,00229
3,6954;0,00178;-0,00167;-0,00016
3,7068;-0,00089;-0,00061;-0,00176
3,7154;0,00071;0,00206;-0,00016
3,7258;-0,00035;-0,00114;-0,00123
3,7364;0,00338;-0,00061;-0,00070
3,7461;0,00231;-0,00007;0,00090
3,7570;0,00071;0,00152;-0,00123
3,7667;0,00178;-0,00061;-0,00016
3,7768;0,00444;-0,00220;-0,00229
3,7870;0,00391;0,00152;-0,00229
3,8004;-0,00089;-0,00167;-0,00016
3,8080;0,00178;0,00046;-0,00123
3,8174;0,00071;-0,00007;-0,00070
3,8275;0,00071;0,00046;-0,00123
3,8385;0,00284;0,00046;-0,00016
3,8482;0,00338;0,00099;-0,00176
3,8582;0,00125;0,00099;-0,00283
3,8690;0,00444;0,00152;-0,00016
3,8795;0,00178;-0,00007;0,00037
3,8886;0,00178;-0,00220;-0,00123
3,8992;0,00071;-0,00274;0,00090
3,9117;-0,00302;0,00099;-0,00016
3,9198;-0,00248;0,00259;-0,00229
3,9359;0,00178;-0,00114;-0,00070
3,9403;0,00284;-0,00061;-0,00016
3,9506;0,00231;-0,00327;-0,00123
3,9594;0,00125;-0,00007;0,00037
3,9696;0,00018;0,00152;-0,00123
3,9796;-0,00089;0,00152;-0,00123
3,9858;0,00018;-0,00007;0,00250
3,9956;0,00391;-0,00380;0,00037
4,0056;0,00071;-0,00007;-0,00123
4,0161;0,00071;0,00046;-0,00176
4,0253;0,00231;-0,00007;-0,00016
4,0363;0,00231;0,00046;-0,00123
4,0462;0,00018;-0,00061;-0,00070
4,0574;-0,00089;0,00046;-0,00016
4,0654;-0,00089;-0,00114;-0,00070
4,0765;0,00178;-0,00007;-0,00070
4,0867;0,00178;-0,00061;-0,00016
4,0962;-0,00089;-0,00114;-0,00070
4,1063;0,00125;0,00152;-0,00336
4,1169;0,00125;0,00152;-0,00123
4,1273;0,00018;-0,00220;0,00090
4,1372;0,00178;-0,00061;-0,00016
4,1476;0,00178;-0,00007;0,00037
4,1574;-0,00035;-0,00007;0,00090
4,1676;-0,00195;0,00152;-0,00016
4,1795;0,00071;-0,00061;-0,00070
4,1882;0,00338;0,00046;-0,00016
4,1983;0,00231;-0,00114;0,00037
4,2082;-0,00035;-0,00007;-0,00016
4,2194;-0,00142;0,00046;-0,00016
4,2289;0,00018;-0,00167;-0,00229
4,2393;0,00125;0,00099;0,00090
4,2496;0,00125;-0,00114;0,00037
4,2610;-0,00089;-0,00007;-0,00229
4,2694;0,00018;-0,00007;-0,00016
4,2799;0,00071;-0,00061;-0,00123
4,2904;-0,00142;-0,00114;-0,00123
4,3024;0,00018;-0,00061;-0,00176
4,3063;-0,00035;-0,00007;-0,00123
4,3154;0,00231;0,00206;-0,00123
4,3273;-0,00195;-0,00061;-0,00176
4,3363;0,00178;-0,00114;-0,00070
4,3491;0,00178;0,00046;0,00090
4,3571;-0,00142;0,00046;-0,00070
4,3660;0,00178;0,00046;-0,00070
4,3771;0,00071;0,00152;-0,00016
4,3873;0,00178;-0,00061;-0,00123
4,3966;0,00231;-0,00114;-0,00016
4,4076;0,00018;-0,00167;-0,00123
4,4175;0,00231;0,00046;0,00037
4,4404;0,00125;-0,00007;0,00090
4,4406;0,00125;0,00206;-0,00016
4,4493;0,00071;-0,00167;-0,00123
4,4580;0,00338;-0,00114;-0,00070
4,4682;-0,00035;-0,00007;-0,00070
4,4778;0,00125;0,00099;0,00037
4,4883;-0,00195;-0,00061;-0,00070
4,4996;-0,00035;0,00099;0,00143
4,5097;0,00125;0,00046;-0,00070
4,5197;-0,00089;-0,00114;-0,00016
4,5296;-0,00089;-0,00007;0,00037
4,5430;-0,00035;0,00099;0,00197
4,5649;-0,00195;-0,00007;-0,00070
4,5652;-0,00035;0,00152;-0,00016
4,5694;0,00071;0,00046;-0,00070
4,5798;0,00071;-0,00114;0,00143
4,5911;0,00125;0,00046;-0,00016
4,5959;0,00231;-0,00167;-0,00176
4,6064;0,00071;0,00046;-0,00016
4,6171;0,00338;-0,00220;-0,00070
4,6262;0,00125;-0,00007;0,00090
4,6369;0,00178;0,00046;-0,00176
4,6462;-0,00089;0,00099;-0,00123
4,6562;0,00125;-0,00007;-0,00123
4,6685;0,00338;-0,00114;-0,00176
4,6763;0,00018;-0,00007;-0,00283
4,6943;0,00231;0,00046;-0,00176
4,6974;0,00071;0,00046;-0,00070
4,7073;0,00018;-0,00007;-0,00070
4,7164;0,00178;-0,00007;0,00197
4,7270;-0,00035;-0,00007;-0,00070
4,7363;0,00071;-0,00007;-0,00176
4,7467;0,00071;0,00419;-0,00123
4,7572;0,00071;-0,00061;-0,00016
4,7672;-0,00142;0,00099;-0,00070
4,7773;-0,00035;-0,00274;0,00037
4,7883;0,00071;-0,00327;-0,00016
4,7993;0,00125;0,00152;-0,00123
4,8086;0,00018;0,00046;0,00037
4,8184;0,00444;-0,00061;0,00090
4,8300;0,00338;0,00046;-0,00123
4,8391;0,00071;0,00152;0,00037
4,8492;0,00018;-0,00061;0,00037
4,8592;0,00178;0,00206;0,00250
4,8694;0,00071;0,00099;-0,00336
4,8800;0,00071;-0,00061;0,00037
4,8892;0,00071;0,00206;-0,00283
4,8961;0,00178;0,00152;-0,00123
4,9058;0,00071;-0,00061;-0,00176
4,9158;0,00071;0,00152;-0,00070
4,9251;-0,00089;-0,00061;-0,00070
4,9372;-0,00035;0,00259;-0,00176
4,9475;-0,00035;0,00206;0,00037
4,9554;-0,00035;0,00046;-0,00070
4,9654;-0,00089;-0,00061;0,00090
4,9758;0,00391;-0,00114;-0,00123
4,9858;-0,00089;-0,00167;0,00143
4,9967;0,00284;-0,00167;-0,00123
5,0066;0,00231;-0,00114;-0,00123
5,0162;0,00338;-0,00220;0,00090
5,0275;0,00178;-0,00114;-0,00016
5,0373;0,00284;-0,00220;-0,00070
5,0468;0,00444;-0,00114;-0,00070
5,0574;0,00338;-0,00274;0,00037
5,0754;0,00284;-0,00380;-0,00070
5,0781;0,00497;-0,00007;0,00037
5,0888;0,00657;-0,00220;-0,00070
5,0997;0,00604;-0,00061;-0,00229
5,1092;0,00231;-0,00274;-0,00016
5,1185;-0,00248;0,00259;0,00037
5,1296;-0,00195;0,00366;0,00090
5,1397;0,00071;-0,00061;-0,00123
5,1494;0,00231;-0,00220;-0,00070
5,1590;0,00071;-0,00167;-0,00176
5,1699;-0,00142;0,00152;-0,00123
5,1794;-0,00195;0,00312;0,00197
5,1928;-0,00035;0,00152;0,00037
5,2004;0,00284;-0,00220;-0,00123
5,2048;-0,00089;-0,00007;-0,00016
5,2168;0,00231;-0,00007;-0,00070
5,2256;-0,00035;0,00046;0,00143
5,2366;0,00018;0,00046;-0,00176
5,2461;0,00231;-0,00114;0,00143
5,2566;0,00231;0,00046;-0,00176
5,2666;0,00178;-0,00061;0,00037
5,2759;-0,00035;0,00046;-0,00176
5,2866;0,00338;0,00046;-0,00123
5,2964;0,00444;0,00046;-0,00229
5,3073;0,00231;0,00152;-0,00123
5,3252;0,00178;-0,00061;0,00090
5,3273;0,00125;-0,00061;-0,00123
5,3374;0,00125;0,00099;-0,00123
5,3472;-0,00035;0,00099;-0,00070
5,3568;-0,00089;-0,00007;-0,00070
5,3674;0,00178;-0,00007;-0,00070
5,3774;-0,00089;-0,00007;-0,00389
5,3878;0,00018;0,00099;-0,00176
5,3987;0,00178;0,00099;0,00037
5,4091;0,00231;-0,00167;-0,00176
5,4184;-0,00089;0,00099;0,00037
5,4299;-0,00035;-0,00007;-0,00123
5,4394;0,00018;0,00046;-0,00070
5,4690;-0,00035;0,00046;0,00090
5,4691;0,00071;0,00046;-0,00176
5,4694;0,00071;0,00046;-0,00016
5,4791;0,00125;0,00099;-0,00016
5,4898;0,00018;-0,00007;0,00143
5,4997;0,00178;-0,00007;-0,00123
5,5055;0,00071;-0,00061;-0,00283
5,5152;-0,00089;-0,00007;-0,00176
5,5249;0,00125;0,00152;-0,00123
5,5351;0,00071;0,00206;-0,00123
5,5454;0,00018;0,00099;-0,00070
5,5571;0,00391;0,00099;0,00037
5,5656;-0,00195;0,00099;-0,00176
5,5760;-0,00248;0,00099;-0,00123
5,5867;-0,00035;0,00099;-0,00123
5,5960;0,00018;0,00046;0,00090
5,6059;0,00018;-0,00007;-0,00123
5,6169;0,00071;0,00206;-0,00123
5,6266;-0,00035;-0,00167;-0,00070
5,6370;-0,00089;0,00099;-0,00016
5,6469;0,00071;0,00152;-0,00070
5,6574;-0,00248;-0,00061;0,00143
5,6670;0,00071;0,00099;-0,00016
5,6774;0,00125;-0,00114;-0,00016
5,6885;0,00125;0,00099;-0,00123
5,6986;0,00178;-0,00061;-0,00016
5,7122;-0,00248;0,00152;0,00037
5,7186;0,00231;0,00099;-0,00176
5,7292;0,00071;0,00206;0,00197
5,7403;-0,00089;-0,00007;-0,00229
5,7496;0,00284;0,00046;0,00037
5,7596;0,00178;-0,00061;-0,00123
5,7689;0,00071;0,00206;0,00090
5,7795;0,00125;-0,00061;0,00037
5,7899;-0,00035;-0,00007;-0,00123
5,7998;-0,00089;0,00046;-0,00070
5,8128;0,00125;0,00046;-0,00176
5,8157;0,00125;-0,00061;-0,00123
5,8273;0,00018;0,00099;0,00090
5,8376;-0,00089;-0,00061;-0,00176
5,8463;0,00231;-0,00114;-0,00070
5,8565;0,00071;-0,00007;0,00197
5,8655;-0,00142;0,00152;-0,00070
5,8764;-0,00035;-0,00061;0,00090
5,8860;0,00018;0,00099;-0,00123
5,8962;-0,00035;0,00419;-0,00123
5,9060;0,00018;-0,00061;-0,00123
5,9163;0,00231;-0,00114;-0,00016
5,9273;0,00018;0,00152;-0,00229
5,9370;-0,00035;-0,00114;0,00037
5,9469;-0,00142;0,00152;-0,00016
5,9638;0,00178;-0,00061;-0,00123
5,9672;0,00178;-0,00114;-0,00176
5,9770;0,00125;-0,00061;-0,00229
5,9888;0,00178;0,00046;-0,00070
5,9983;0,00391;-0,00114;-0,00176
6,0073;0,00018;-0,00167;-0,00123
6,0192;0,00178;0,00046;0,00037
6,0294;0,00018;0,00046;-0,00229
6,0383;0,00018;0,00259;-0,00070
6,0489;-0,00195;0,00046;-0,00123
6,0596;-0,00035;0,00046;0,00037
6,0886;0,00338;-0,00327;0,00037
6,0888;0,00125;0,00152;0,00037
6,0905;0,00018;-0,00007;0,00037
6,0999;-0,00089;0,00152;0,00037
6,1097;0,00338;-0,00007;-0,00176
6,1153;0,00284;-0,00167;-0,00176
6,1255;0,00071;0,00046;-0,00176
6,1366;-0,00035;-0,00061;0,00037
6,1461;0,00284;-0,00007;0,00037
6,1572;0,00338;-0,00114;-0,00123
6,1664;0,00018;-0,00167;-0,00070
6,1771;0,00071;-0,00007;-0,00016
6,1870;-0,00142;-0,00061;-0,00070
6,1959;0,00018;-0,00007;0,00037
6,2127;0,00018;-0,00061;-0,00176
6,2161;0,00018;0,00099;-0,00283
6,2263;0,00444;0,00046;0,00037
6,2369;0,00178;0,00099;0,00037
6,2465;0,00071;-0,00061;-0,00176
6,2573;0,00071;0,00366;-0,00016
6,2669;-0,00089;-0,00167;-0,00229
6,2772;0,00018;0,00259;-0,00016
6,2875;0,00178;-0,00220;0,00090
6,2972;0,00231;-0,00167;-0,00016
6,3083;-0,00035;-0,00007;-0,00123
6,3176;0,00071;0,00259;-0,00123
6,3286;-0,00142;-0,00114;-0,00016
6,3400;-0,00195;-0,00007;-0,00016
6,3484;0,00018;0,00152;-0,00070
6,3600;0,00178;-0,00061;-0,00123
6,3700;0,00071;-0,00061;-0,00016
6,3787;0,00018;0,00099;-0,00229
6,3894;-0,00089;0,00206;0,00037
6,3993;0,00071;-0,00061;-0,00070
6,4099;-0,00142;-0,00007;-0,00123
6,4195;-0,00035;-0,00114;0,00037
6,4257;-0,00035;0,00046;0,00090
6,4433;0,00018;-0,00007;-0,00070
6,4458;-0,00195;0,00046;-0,00070
6,4638;0,00018;-0,00220;-0,00016
6,4689;-0,00142;0,00259;-0,00283
6,4756;0,00178;-0,00007;-0,00016
6,4853;-0,00195;-0,00007;-0,00070
6,4961;-0,00248;0,00046;0,00197
6,5061;0,00071;-0,00007;-0,00070
6,5164;0,00284;-0,00007;-0,00123
6,5268;0,00178;0,00099;-0,00123
6,5372;0,00071;0,00152;0,00090
6,5471;0,00018;0,00099;-0,00016
6,5570;0,00125;-0,00114;-0,00016
6,5684;0,00231;-0,00061;-0,00070
6,5823;-0,00195;0,00099;0,00037
6,5876;0,00071;-0,00007;-0,00070
6,5972;0,00071;-0,00061;0,00037
6,6074;-0,00142;-0,00061;0,00090
6,6175;-0,00089;-0,00114;-0,00123
6,6287;0,00125;-0,00007;-0,00016
6,6398;0,00018;0,00099;-0,00016
6,6492;0,00125;0,00046;-0,00070
6,6593;0,00125;0,00152;-0,00123
6,6691;0,00071;-0,00061;-0,00176
6,6796;0,00178;0,00206;-0,00016
6,6896;0,00071;-0,00220;-0,00283
6,7000;0,00231;0,00099;0,00037
6,7175;0,00018;-0,00061;-0,00016
6,7290;-0,00142;0,00046;-0,00070
6,7299;-0,00089;0,00046;-0,00070
6,7394;0,00071;0,00099;-0,00176
6,7456;0,00071;-0,00114;-0,00070
6,7554;-0,00089;-0,00007;-0,00229
6,7659;0,00071;0,00046;-0,00016
6,7771;0,00071;0,00046;-0,00070
6,7863;0,00018;0,00046;-0,00123
6,7964;0,00018;0,00099;-0,00123
6,8059;0,00071;-0,00274;0,00090
6,8163;0,00071;-0,00007;-0,00123
6,8336;-0,00035;-0,00007;-0,00070
6,8369;0,00018;0,00152;0,00090
6,8478;0,00018;0,00099;-0,00123
6,8582;0,00071;0,00046;-0,00123
6,8670;-0,00035;-0,00114;-0,00176
6,8774;0,00071;0,00206;-0,00176
6,8873;0,00018;0,00152;-0,00229
6,8975;0,00071;0,00152;-0,00016
6,9090;0,00018;0,00099;-0,00016
6,9182;0,00231;-0,00007;-0,00070
6,9284;0,00125;-0,00167;-0,00176
6,9392;0,00125;0,00152;0,00090
6,9496;0,00178;-0,00167;-0,00389
6,9706;0,00231;-0,00007;-0,00123
6,9834;-0,00035;0,00312;0,00090
6,9866;0,00231;-0,00114;-0,00123
6,9889;0,00178;-0,00114;-0,00070
6,9990;-0,00035;-0,00007;0,00037
7,0093;0,00231;-0,00007;0,00090
7,0188;0,00018;-0,00007;-0,00176
7,0293;0,00018;-0,00061;-0,00016
7,0392;0,00071;0,00206;-0,00070
7,0496;-0,00142;-0,00061;0,00037
7,0553;-0,00035;-0,00007;-0,00123
7,0658;-0,00035;0,00046;-0,00070
7,0821;0,00018;0,00206;0,00090
7,0855;0,00231;0,00046;0,00037
7,0955;0,00178;-0,00114;-0,00336
7,1053;0,00018;-0,00061;0,00037
7,1152;0,00284;-0,00274;-0,00229
7,1259;0,00284;0,00099;0,00090
7,1360;0,00178;-0,00007;-0,00229
7,1469;-0,00035;-0,00007;-0,00016
7,1569;0,00071;0,00152;-0,00123
7,1667;-0,00195;-0,00007;-0,00016
7,1772;0,00125;-0,00007;-0,00176
7,1875;-0,00142;-0,00061;-0,00070
7,1989;0,00231;-0,00114;-0,00283
7,2073;0,00018;0,00312;-0,00016
7,2174;0,00018;0,00099;-0,00070
7,2290;0,00018;0,00366;-0,00123
7,2376;-0,00035;0,00099;-0,00070
7,2481;0,00018;0,00046;-0,00283
7,2587;0,00231;0,00312;-0,00016
7,2684;0,00125;0,00206;-0,00070
7,2782;0,00338;-0,00007;-0,00123
7,2907;0,00231;0,00206;-0,00283
7,3004;0,00018;-0,00061;-0,00016
7,3095;0,00125;0,00206;-0,00123
7,3201;0,00231;-0,00007;-0,00070
7,3295;-0,00089;0,00099;-0,00016
7,3399;0,00231;0,00152;0,00037
7,3562;0,00071;-0,00061;-0,00176
7,3682;-0,00035;0,00099;-0,00070
7,3683;-0,00089;-0,00061;-0,00123
7,3757;-0,00142;-0,00061;-0,00123
7,3862;-0,00089;0,00099;-0,00070
7,3959;-0,00142;-0,00114;-0,00070
7,4061;0,00125;-0,00114;0,00037
7,4161;0,00018;-0,00114;0,00037
7,4261;0,00071;-0,00061;-0,00070
7,4366;0,00125;-0,00114;-0,00016
7,4466;0,00018;0,00152;-0,00176
7,4567;0,00018;-0,00061;-0,00016
7,4728;-0,00035;0,00099;-0,00336
7,4769;-0,00035;0,00099;-0,00123
7,4872;0,00125;0,00046;0,00037
7,4968;0,00071;-0,00167;-0,00016
7,5071;-0,00035;0,00152;-0,00123
7,5171;0,00284;-0,00007;-0,00070
7,5280;-0,00035;0,00099;-0,00070
7,5376;-0,00089;0,00046;0,00090
7,5479;0,00125;-0,00061;-0,00070
7,5590;0,00391;0,00046;-0,00016
7,5692;0,00071;-0,00007;-0,00123
7,5791;0,00284;-0,00007;0,00090
7,5898;0,00018;0,00152;-0,00176
7,6054;-0,00195;0,00366;-0,00016
7,6165;-0,00248;0,00152;-0,00123
7,6196;0,00338;-0,00274;-0,00016
7,6308;0,00497;-0,00167;-0,00070
7,6404;-0,00089;-0,00167;-0,00070
7,6494;0,00018;0,00152;-0,00283
7,6601;0,00125;0,00046;-0,00016
7,6711;0,00338;-0,00061;-0,00016
7,6762;0,00231;-0,00061;-0,00229
7,6869;0,00284;-0,00007;-0,00123
7,6965;0,00018;0,00046;-0,00070
7,7102;-0,00195;0,00046;-0,00123
7,7233;0,00018;-0,00007;-0,00229
7,7260;0,00125;-0,00061;-0,00176
7,7358;0,00231;0,00099;0,00090
7,7470;0,00178;0,00046;-0,00016
7,7565;0,00125;0,00259;-0,00229
7,7658;0,00018;0,00046;0,00037
7,7764;0,00284;-0,00007;-0,00016
7,7870;0,00018;-0,00220;-0,00176
7,7972;-0,00089;0,00099;-0,00016
7,8079;0,00125;0,00099;0,00090
7,8176;-0,00302;0,00152;-0,00123
7,8275;-0,00195;0,00206;-0,00070
7,8382;0,00178;0,00046;-0,00123
7,8557;0,00018;-0,00167;0,00037
7,8575;0,00125;-0,00114;-0,00283
7,8684;0,00338;-0,00061;-0,00016
7,8781;0,00125;-0,00007;0,00143
7,8887;0,00125;0,00259;-0,00229
7,8987;0,00178;-0,00114;0,00037
7,9087;0,00391;0,00099;0,00037
7,9193;-0,00089;0,00046;0,00090
7,9294;-0,00089;0,00046;0,00143
7,9398;0,00018;-0,00007;-0,00123
7,9500;-0,00089;0,00152;0,00037
7,9623;0,00125;-0,00061;-0,00123
7,9714;0,00178;0,00046;0,00090
7,9771;0,00125;-0,00167;-0,00070
7,9858;0,00071;0,00206;-0,00176
7,9965;-0,00035;-0,00061;-0,00176
8,0062;0,00178;0,00206;-0,00123
8,0161;0,00018;0,00046;0,00143
8,0265;0,00071;0,00419;-0,00123
8,0373;0,00231;-0,00007;-0,00016
8,0465;0,00125;0,00206;-0,00229
8,0566;0,00284;0,00099;-0,00123
8,0665;-0,00142;0,00046;0,00090
8,0764;-0,00142;0,00099;-0,00070
8,0871;0,00071;0,00099;-0,00176
8,0970;0,00178;0,00099;0,00090
8,1075;0,00125;-0,00220;-0,00016
8,1190;-0,00035;0,00099;-0,00016
8,1273;0,00125;-0,00007;0,00037
8,1370;0,00071;-0,00167;-0,00070
8,1480;-0,00089;-0,00007;-0,00229
8,1579;0,00071;-0,00007;-0,00070
8,1687;0,00125;-0,00061;-0,00283
8,1790;0,00071;0,00099;-0,00123
8,1894;0,00018;0,00099;-0,00016
8,1990;0,00178;-0,00114;-0,00070
8,2097;-0,00089;-0,00061;0,00037
8,2193;0,00071;-0,00007;-0,00123
8,2299;0,00071;-0,00114;0,00037
8,2481;-0,00089;0,00099;-0,00016
8,2491;-0,00035;-0,00220;-0,00070
8,2591;-0,00142;0,00312;-0,00176
8,2698;-0,00142;0,00206;-0,00016
8,2803;0,00071;0,00152;0,00090
8,2861;-0,00195;0,00206;-0,00123
8,2965;-0,00248;0,00206;-0,00070
8,3074;-0,00302;0,00419;0,00090
8,3171;-0,00089;0,00099;-0,00016
8,3267;0,00018;-0,00061;-0,00016
8,3360;-0,00195;0,00206;-0,00016
8,3462;0,00018;0,00152;-0,00016
8,3585;-0,00089;0,00046;-0,00070
8,3685;-0,00302;0,00259;-0,00070
8,3770;-0,00195;0,00152;-0,00176
8,3869;0,00071;-0,00061;-0,00123
8,3966;0,00071;0,00046;-0,00016
8,4072;0,00284;-0,00061;-0,00070
8,4176;0,00071;0,00152;-0,00070
8,4275;0,00284;-0,00007;-0,00123
8,4412;0,00178;-0,00114;-0,00070
8,4488;0,00231;0,00206;0,00143
8,4575;0,00178;-0,00061;-0,00016
8,4696;-0,00142;-0,00167;-0,00123
8,4780;0,00071;-0,00061;-0,00229
8,4931;0,00338;0,00099;0,00197
8,4997;-0,00142;-0,00007;-0,00123
8,5091;0,00018;-0,00167;0,00197
8,5195;0,00231;-0,00114;-0,00176
8,5295;0,00178;-0,00114;0,00197
8,5397;0,00444;-0,00167;-0,00229
8,5498;0,00178;0,00046;0,00090
8,5609;-0,00248;0,00259;-0,00016
8,5701;-0,00195;0,00259;0,00037
8,5806;0,00231;-0,00061;-0,00070
8,5860;0,00497;-0,00114;-0,00176
8,5990;-0,00035;-0,00167;-0,00016
8,6123;0,00231;0,00152;-0,00123
8,6163;-0,00302;0,00366;-0,00016
8,6262;0,00071;0,00206;-0,00123
8,6364;0,00125;-0,00220;0,00250
8,6455;0,00284;-0,00061;-0,00229
8,6558;-0,00248;0,00152;-0,00176
8,6664;-0,00142;-0,00007;-0,00016
8,6768;0,00125;0,00259;-0,00123
8,6860;0,00125;-0,00167;-0,00123
8,6961;0,00284;-0,00061;-0,00123
8,7064;0,00125;-0,00061;-0,00016
8,7164;-0,00035;0,00312;-0,00176
8,7271;0,00071;0,00099;-0,00123
8,7421;0,00125;-0,00167;0,00037
8,7482;-0,00035;0,00206;-0,00016
8,7578;0,00071;0,00259;-0,00070
8,7682;-0,00142;0,00099;-0,00016
8,7783;0,00071;0,00152;-0,00176
8,7895;0,00071;0,00046;0,00037
8,7980;0,00178;-0,00274;-0,00176
8,8085;0,00018;0,00366;-0,00016
8,8198;0,00125;-0,00061;-0,00070
8,8303;0,00071;0,00099;-0,00283
8,8391;0,00284;-0,00220;0,00037
8,8509;-0,00035;-0,00114;0,00090
8,8607;-0,00142;0,00152;-0,00016
8,8702;0,00338;-0,00007;-0,00123
8,8800;0,00231;0,00046;-0,00070
8,8912;0,00178;-0,00061;-0,00016
8,8962;0,00018;0,00152;-0,00123
8,9062;-0,00035;0,00152;-0,00070
8,9166;0,00018;0,00152;0,00090
8,9264;0,00125;0,00046;-0,00123
8,9365;0,00071;-0,00167;-0,00123
8,9466;-0,00089;0,00046;-0,00229
8,9571;-0,00089;-0,00167;0,00143
8,9661;0,00178;0,00046;-0,00070
8,9778;0,00284;0,00152;-0,00070
8,9987;0,00231;-0,00061;-0,00123
8,9991;0,00231;0,00099;-0,00016
9,0069;0,00018;0,00099;0,00037
9,0171;-0,00142;0,00206;-0,00070
9,0273;0,00071;-0,00220;0,00143
9,0368;0,00284;0,00152;-0,00176
9,0472;-0,00035;-0,00114;-0,00070
9,0586;0,00231;-0,00167;0,00037
9,0691;-0,00089;-0,00061;-0,00229
9,0783;0,00071;-0,00061;0,00037
9,0887;-0,00089;0,00046;0,00090
9,0990;0,00125;-0,00167;-0,00070
9,1159;0,00071;0,00152;-0,00123
9,1207;0,00018;0,00046;-0,00016
9,1287;0,00071;-0,00380;-0,00123
9,1390;0,00231;-0,00007;-0,00123
9,1499;-0,00089;0,00046;0,00090
9,1600;0,00071;0,00046;0,00197
9,1707;-0,00035;-0,00007;-0,00070
9,1802;0,00231;-0,00061;-0,00070
9,1905;0,00338;0,00046;0,00037
9,1971;0,00125;0,00259;0,00037
9,2063;0,00018;-0,00007;-0,00070
9,2154;0,00178;0,00152;-0,00016
9,2325;0,00018;-0,00274;-0,00176
9,2364;0,00231;0,00046;-0,00016
9,2469;0,00284;0,00046;-0,00176
9,2559;0,00710;-0,00487;-0,00070
9,2656;0,03640;-0,02937;-0,00229
9,2781;0,02681;-0,02244;-0,00229
9,2866;-0,00834;0,01324;0,00037
9,2961;-0,02485;0,02176;0,00090
9,3068;-0,01260;0,01058;-0,00229
9,3171;-0,00142;0,00099;-0,00176
9,3273;0,00977;-0,00593;-0,00070
9,3374;0,01350;-0,00860;-0,00123
9,3484;0,01669;-0,01019;-0,00176
9,3586;0,01190;-0,00860;-0,00016
9,3675;0,00338;-0,00274;0,00037
9,3843;-0,00195;0,00312;-0,00070
9,3894;-0,00248;0,00259;-0,00016
9,3981;-0,00035;0,00259;-0,00016
9,4104;0,00551;-0,00380;-0,00123
9,4183;0,00817;-0,00487;-0,00070
9,4286;0,00444;-0,00380;-0,00176
9,4396;0,00178;-0,00114;-0,00070
9,4485;0,00231;-0,00220;-0,00283
9,4596;0,00178;0,00046;-0,00070
9,4698;0,00178;-0,00167;-0,00016
9,4804;0,00125;0,00152;-0,00123
9,4908;0,00338;-0,00061;0,00037
9,5003;0,00444;-0,00327;-0,00123
9,5076;0,00284;-0,00220;-0,00016
9,5157;0,00231;-0,00167;-0,00016
9,5249;0,00284;0,00046;-0,00070
9,5362;0,00391;0,00046;-0,00123
9,5455;0,00071;0,00046;-0,00070
9,5561;0,00284;0,00046;-0,00229
9,5657;0,00231;-0,00061;-0,00176
9,5768;0,00391;-0,00061;-0,00070
9,5861;0,00231;-0,00167;0,00143
9,5970;0,00018;0,00046;-0,00123
9,6071;0,00125;0,00046;-0,00176
9,6169;-0,00035;-0,00167;-0,00016
9,6351;-0,00035;-0,00167;0,00143
9,6370;0,00071;0,00099;-0,00229
9,6490;0,00284;0,00046;0,00143
9,6573;0,00018;-0,00061;-0,00123
9,6682;0,00178;-0,00007;0,00143
9,6778;0,00125;-0,00007;-0,00123
9,6887;-0,00089;0,00099;0,00037
9,6983;0,00071;0,00046;-0,00070
9,7088;-0,00142;-0,00061;-0,00176
9,7192;0,00071;0,00046;-0,00070
9,7295;-0,00035;0,00046;-0,00016
9,7505;0,00125;-0,00114;-0,00016
9,7506;0,00018;-0,00061;-0,00016
9,7589;0,00071;-0,00007;-0,00016
9,7693;0,00125;-0,00007;-0,00123
9,7801;0,00391;-0,00007;-0,00123
9,7897;-0,00035;-0,00061;-0,00070
9,8004;0,00125;-0,00007;-0,00176
9,8057;0,00071;-0,00061;-0,00070
9,8164;0,00284;0,00099;-0,00176
9,8262;0,00125;0,00046;0,00037
9,8360;0,00071;-0,00007;-0,00283
9,8460;-0,00035;-0,00114;-0,00016
9,8566;0,00018;-0,00061;0,00090
9,8664;0,00018;0,00206;-0,00070
9,8861;-0,00089;-0,00007;-0,00016
9,8869;0,00125;0,00099;-0,00176
9,8955;-0,00035;0,00046;-0,00070
9,9059;0,00071;-0,00007;-0,00229
9,9169;0,00284;-0,00061;0,00197
9,9267;0,00125;-0,00167;0,00037
9,9370;0,00018;-0,00114;0,00037
9,9475;0,00444;-0,00274;0,00090
9,9573;0,00284;-0,00114;-0,00176
9,9678;0,00338;0,00046;-0,00070
9,9778;0,00125;-0,00061;-0,00123
9,9889;0,00071;-0,00114;0,00090
9,9991;0,00071;-0,00007;-0,00176
10,0214;0,00231;-0,00114;0,00250
10,0215;0,00178;-0,00007;0,00037
10,0287;0,00178;-0,00167;-0,00123
10,0392;0,00178;-0,00220;-0,00123
10,0495;0,00284;-0,00114;0,00037
10,0610;0,00284;-0,00114;-0,00016
10,0695;0,00071;-0,00007;-0,00229
10,0796;0,00284;-0,00220;0,00090
10,0896;0,00391;-0,00007;-0,00123
10,0995;0,00391;-0,00167;0,00197
10,1099;0,00231;-0,00220;-0,00229
10,1165;0,00231;-0,00007;-0,00070
10,1253;0,00071;0,00259;-0,00123
10,1354;0,00125;0,00099;-0,00176
10,1464;0,00125;0,00046;-0,00123
10,1560;0,00125;-0,00167;-0,00070
10,1647;0,00071;0,00046;-0,00016
10,1770;0,00178;0,00046;-0,00070
10,1859;0,00125;0,00046;-0,00123
10,1957;-0,00195;0,00206;-0,00070
10,2066;-0,00035;0,00046;0,00037
10,2166;0,00284;0,00046;-0,00176
10,2269;0,00125;-0,00114;-0,00070
10,2364;0,00284;-0,00167;-0,00123
10,2464;0,00284;-0,00327;-0,00123
10,2569;0,00178;-0,00007;-0,00070
10,2672;0,00231;0,00206;-0,00229
10,2790;0,00231;0,00152;-0,00016
10,2870;0,00444;-0,00007;-0,00176
10,2974;0,00284;-0,00007;-0,00070
10,3075;0,00497;-0,00220;-0,00229
10,3190;0,00284;-0,00327;-0,00176
10,3287;0,00551;-0,00274;0,00037
10,3401;0,00284;-0,00327;-0,00016
10,3491;0,00444;-0,00007;-0,00229
10,3619;0,00391;-0,00220;-0,00070
10,3701;0,00338;-0,00114;-0,00176
10,3871;0,00284;-0,00007;-0,00176
10,3891;0,00284;-0,00167;0,00037
10,4001;0,00338;-0,00327;0,00037
10,4101;0,00391;-0,00007;-0,00016
10,4192;0,00497;-0,00220;-0,00123
10,4264;0,00391;0,00099;0,00037
10,4355;0,00231;-0,00274;-0,00176
10,4458;0,00231;-0,00220;-0,00016
10,4563;0,00071;-0,00274;-0,00070
10,4669;0,00338;-0,00114;-0,00229
10,4769;0,00178;-0,00167;-0,00123
10,4864;0,00444;-0,00274;-0,00123
10,4964;0,00391;-0,00220;0,00090
10,5067;0,00604;-0,00114;-0,00123
10,5243;0,00125;-0,00114;0,00037
10,5271;0,00178;-0,00114;-0,00123
10,5370;0,00338;-0,00114;-0,00016
10,5464;-0,00035;-0,00007;0,00037
10,5567;0,00178;-0,00007;-0,00123
10,5670;0,00338;-0,00061;-0,00070
10,5775;0,00125;-0,00114;-0,00176
10,5880;0,00178;-0,00007;-0,00176
10,5983;-0,00089;0,00099;-0,00070
10,6081;-0,00142;0,00259;-0,00016
10,6183;-0,00408;0,00366;-0,00016
10,6385;-0,00142;0,00206;0,00090
10,6408;-0,00035;0,00312;-0,00176
10,6530;-0,00142;0,00206;-0,00016
10,6581;-0,00302;0,00259;-0,00123
10,6685;-0,00142;0,00366;-0,00123
10,6786;-0,00355;0,00366;0,00143
10,6890;-0,00355;0,00312;0,00090
10,6991;-0,00089;0,00099;-0,00016
10,7095;-0,00355;0,00099;-0,00176
10,7200;-0,00302;0,00206;-0,00176
10,7261;-0,00248;0,00206;0,00037
10,7365;-0,00302;0,00366;-0,00070
10,7463;-0,00195;0,00472;-0,00123
10,7570;-0,00035;0,00206;0,00037
10,7729;0,00231;0,00259;-0,00176
10,7826;0,00284;-0,00114;0,00037
10,7860;0,00391;-0,00114;0,00143
10,8028;0,00284;-0,00167;-0,00229
10,8062;0,00071;0,00312;0,00090
10,8163;0,00231;-0,00061;-0,00016
10,8266;0,00657;-0,00327;-0,00070
10,8365;0,00231;-0,00220;-0,00176
10,8464;0,00284;-0,00167;-0,00123
10,8565;0,00710;-0,00327;-0,00016
10,8663;0,00551;-0,00220;-0,00176
10,8772;0,00657;-0,00167;0,00090
10,8875;0,00710;-0,00380;-0,00123
10,8977;0,01190;-0,00540;-0,00123
10,9075;0,01243;-0,00753;-0,00016
10,9181;0,01563;-0,01126;-0,00016
10,9285;0,01616;-0,00913;-0,00229
10,9389;0,01563;-0,00913;-0,00016
10,9486;0,01296;-0,00806;-0,00389
10,9592;0,01190;-0,00646;-0,00070
10,9687;0,01190;-0,00806;-0,00176
10,9792;0,01456;-0,00700;-0,00016
10,9888;0,00923;-0,00753;-0,00016
10,9987;0,01296;-0,00700;-0,00070
11,0089;0,00657;-0,00327;-0,00123
11,0193;0,00391;-0,00433;-0,00070
11,0254;0,00551;-0,00274;-0,00070
11,0348;0,00231;0,00099;0,00090
11,0453;-0,00408;0,00419;-0,00070
11,0586;-0,00355;0,00525;0,00143
11,0661;-0,00515;0,00472;-0,00123
11,0760;-0,00834;0,00472;-0,00016
11,0863;-0,00355;0,00419;0,00143
11,0961;-0,00089;0,00472;-0,00070
11,1064;-0,00408;0,00206;-0,00016
11,1170;-0,00248;0,00259;-0,00123
11,1268;-0,00515;0,00419;0,00037
11,1384;-0,00515;0,00419;-0,00070
11,1467;-0,00515;0,00419;-0,00283
11,1581;-0,00728;0,00312;-0,00016
11,1691;-0,00674;0,00579;0,00090
11,1770;-0,00887;0,00632;-0,00016
11,1874;-0,01154;0,00738;0,00197
11,1978;-0,01154;0,00951;-0,00070
11,2082;-0,01367;0,00792;-0,00070
11,2190;-0,01260;0,00898;0,00090
11,2282;-0,01473;0,00898;-0,00123
11,2392;-0,01420;0,00738;-0,00070
11,2498;-0,01207;0,01058;0,00090
11,2592;-0,01207;0,00845;0,00037
11,2760;-0,01207;0,00579;-0,00070
11,2841;-0,01047;0,00845;-0,00123
11,2894;-0,01047;0,00685;0,00090
11,2996;-0,01207;0,00738;0,00037
11,3093;-0,00994;0,00845;-0,00016
11,3195;-0,00461;0,00472;-0,00016
11,3300;-0,00728;0,00579;0,00037
11,3369;-0,00621;0,00472;-0,00016
11,3492;-0,00568;0,00366;-0,00070
11,3562;-0,00621;0,00312;-0,00016
11,3660;-0,00568;0,00525;0,00037
11,3763;-0,00515;0,00312;-0,00016
11,3863;-0,00568;0,00525;-0,00016
11,3960;-0,00195;0,00312;-0,00016
11,4119;-0,00408;0,00152;-0,00336
11,4247;-0,00568;0,00366;-0,00123
11,4267;-0,00035;0,00152;-0,00070
11,4361;0,00018;0,00206;-0,00016
11,4500;-0,00195;-0,00007;-0,00176
11,4570;-0,00035;-0,00167;0,00090
11,4668;-0,00035;-0,00007;-0,00070
11,4775;-0,00408;0,00099;-0,00070
11,4872;-0,00035;0,00152;-0,00070
11,4974;-0,00035;0,00206;-0,00016
11,5079;0,00178;0,00046;-0,00336
11,5298;-0,00089;-0,00114;-0,00123
11,5300;-0,00195;0,00152;-0,00070
11,5388;-0,00302;0,00312;-0,00123
11,5485;-0,00089;0,00206;-0,00123
11,5587;0,00178;-0,00114;-0,00070
11,5688;-0,00035;-0,00061;0,00090
11,5791;-0,00195;-0,00007;-0,00070
11,5887;-0,00035;0,00099;-0,00176
11,5994;0,00018;0,00099;-0,00123
11,6088;0,00231;-0,00274;-0,00016
11,6198;0,00178;0,00099;-0,00123
11,6297;-0,00248;0,00099;-0,00016
11,6370;-0,00195;0,00206;-0,00070
11,6455;0,00071;0,00152;-0,00176
11,6567;-0,00089;-0,00220;0,00090
11,6659;0,00231;-0,00061;-0,00016
11,6760;-0,00035;0,00152;-0,00016
11,6859;0,00071;0,00046;-0,00016
11,6965;-0,00142;-0,00167;-0,00016
11,7058;0,00178;-0,00007;0,00090
11,7156;-0,00035;-0,00061;-0,00123
11,7258;0,00178;-0,00220;0,00037
11,7358;-0,00035;-0,00061;0,00037
11,7460;0,00071;0,00046;-0,00016
11,7567;-0,00142;0,00099;-0,00123
11,7665;0,00018;0,00046;-0,00229
11,7766;0,00125;0,00046;-0,00016
11,7868;0,00125;-0,00114;-0,00336
11,7970;0,00071;0,00152;0,00090
11,8088;0,00125;0,00099;-0,00070
11,8185;0,00125;0,00206;-0,00016
11,8292;-0,00089;-0,00007;0,00037
11,8387;0,00018;-0,00007;0,00037
11,8504;0,00071;-0,00007;-0,00123
11,8588;0,00071;-0,00114;-0,00229
11,8698;0,00338;-0,00007;0,00037
11,8802;0,03533;-0,02191;-0,00283
11,8910;0,03746;-0,03629;-0,00070
11,8998;-0,00035;0,00419;-0,00123
11,9141;-0,03391;0,02975;-0,00016
11,9200;-0,02219;0,01484;0,00037
11,9293;-0,00461;0,00152;-0,00176
11,9411;0,01030;-0,00753;-0,00229
11,9449;0,01456;-0,00966;-0,00389
11,9555;0,01243;-0,00540;-0,00016
11,9655;0,00923;-0,00646;0,00037
11,9766;0,00018;-0,00167;-0,00070
11,9867;0,00071;-0,00061;0,00037
11,9968;0,00018;0,00152;-0,00070
12,0066;0,00125;0,00152;0,00037
12,0162;0,00178;0,00099;-0,00123
12,0286;0,00338;-0,00380;-0,00016
12,0367;0,00125;-0,00274;-0,00123
12,0461;0,00231;-0,00327;-0,00070
12,0572;0,00071;-0,00061;-0,00123
12,0675;0,00391;-0,00061;-0,00070
12,0770;0,00338;-0,00167;-0,00176
12,0873;0,00178;-0,00061;0,00143
12,0975;-0,00035;0,00099;-0,00176
12,1075;0,00071;0,00099;-0,00229
12,1178;0,00178;-0,00220;-0,00070
12,1283;0,00178;-0,00114;-0,00016
12,1379;0,00231;-0,00167;-0,00070
12,1492;0,00071;0,00046;-0,00176
12,1650;0,00125;0,00152;0,00037
12,1689;0,00018;0,00046;-0,00123
12,1792;0,00018;-0,00274;-0,00070
12,1887;0,00178;-0,00061;-0,00123
12,1988;0,00018;-0,00061;0,00037
12,2096;0,00071;-0,00114;-0,00070
12,2200;0,00231;-0,00114;0,00143
12,2303;0,00125;-0,00167;-0,00123
12,2394;0,00071;-0,00007;-0,00123
12,2454;0,00125;-0,00061;-0,00229
12,2562;0,00018;0,00046;0,00037
12,2694;0,00071;0,00046;-0,00070
12,2856;0,00071;-0,00061;-0,00070
12,2939;0,00178;-0,00167;0,00090
12,2954;0,00125;-0,00061;-0,00123
12,3081;0,00231;-0,00007;-0,00123
12,3150;0,00125;0,00046;-0,00123
12,3255;0,00018;-0,00114;0,00037
12,3352;-0,00089;-0,00114;0,00037
12,3454;0,00071;0,00152;-0,00176
12,3560;0,00178;-0,00061;-0,00176
12,3668;0,00284;0,00152;0,00037
12,3771;0,00125;-0,00007;0,00090
12,3877;0,00018;-0,00007;-0,00176
12,3969;0,00071;0,00099;0,00090
12,4072;0,00018;0,00099;0,00250
12,4169;0,00071;-0,00114;-0,00070
12,4279;0,00018;0,00206;-0,00070
12,4379;-0,00089;-0,00274;-0,00123
12,4473;-0,00089;-0,00061;-0,00123
12,4576;0,00071;0,00046;-0,00123
12,4685;0,00125;0,00099;-0,00123
12,4791;0,00018;0,00152;-0,00123
12,4899;0,00018;-0,00061;-0,00123
12,4991;0,00125;-0,00061;-0,00176
12,5093;0,00178;0,00259;-0,00070
12,5196;0,00178;0,00152;-0,00016
12,5305;0,00284;0,00152;-0,00176
12,5514;0,00018;-0,00061;-0,00016
12,5516;-0,00248;-0,00114;-0,00016
12,5563;0,00178;0,00046;-0,00070
12,5662;0,00231;0,00099;0,00037
12,5769;-0,00035;-0,00007;-0,00016
12,5851;0,00018;-0,00061;0,00090
12,5960;0,00125;0,00099;-0,00123
12,6063;0,00231;0,00099;0,00037
12,6160;0,00178;-0,00007;-0,00016
12,6260;0,00284;-0,00007;-0,00123
12,6364;0,00178;0,00099;-0,00016
12,6460;0,00071;-0,00007;-0,00229
12,6647;-0,00089;0,00046;-0,00070
12,6672;0,00178;0,00046;0,00090
12,6765;0,00071;-0,00167;-0,00070
12,6866;-0,00035;0,00099;-0,00123
12,6979;0,00125;-0,00327;0,00037
12,7072;0,00231;0,00099;-0,00070
12,7169;-0,00035;-0,00114;0,00037
12,7283;0,00125;-0,00007;0,00037
12,7384;0,00231;-0,00061;-0,00176
12,7483;0,00125;-0,00007;-0,00016
12,7583;-0,00142;0,00099;-0,00176
12,7682;0,00071;0,00206;0,00037
12,7790;-0,00089;0,00046;-0,00123
12,8008;0,00071;0,00152;-0,00016
12,8011;0,00231;-0,00114;0,00197
12,8089;-0,00035;0,00099;-0,00016
12,8189;0,00018;-0,00220;-0,00229
12,8298;0,00284;0,00046;-0,00016
12,8401;0,00125;0,00046;-0,00016
12,8503;0,00178;0,00046;-0,00070
12,8598;0,00284;0,00099;0,00143
12,8667;0,00018;-0,00114;-0,00070
12,8764;0,00125;0,00099;-0,00016
12,8869;0,00018;0,00152;-0,00123
12,8967;-0,00035;-0,00007;-0,00123
12,9172;-0,00035;0,00099;-0,00070
12,9289;0,00071;-0,00061;-0,00070
12,9290;-0,00035;-0,00007;-0,00016
12,9365;0,00071;-0,00167;0,00037
12,9462;0,00391;0,00046;0,00037
12,9565;0,00125;0,00206;-0,00229
12,9670;-0,00035;-0,00007;-0,00123
12,9771;0,00018;-0,00220;-0,00070
12,9869;0,00018;0,00152;-0,00176
12,9964;0,00071;-0,00167;0,00037
13,0074;-0,00089;-0,00007;0,00037
13,0168;0,00071;-0,00007;-0,00176
13,0285;-0,00035;0,00206;0,00037
13,0368;0,00284;0,00046;0,00037
13,0505;0,00071;-0,00114;-0,00016
13,0575;-0,00035;-0,00220;-0,00016
13,0682;-0,00035;0,00099;-0,00070
13,0777;0,00071;-0,00061;-0,00070
13,0880;0,00018;0,00259;-0,00070
13,0988;0,00018;-0,00114;-0,00176
13,1087;0,00018;0,00099;-0,00070
13,1185;-0,00142;0,00152;-0,00283
13,1296;0,00018;-0,00061;-0,00016
13,1390;0,00125;0,00046;-0,00123
13,1498;-0,00355;0,00099;-0,00016
13,1627;0,00071;0,00152;-0,00016
13,1657;0,00018;0,00312;-0,00283
13,1752;-0,00142;0,00206;0,00090
13,1850;0,00178;0,00046;-0,00176
13,1969;0,00018;0,00206;-0,00123
13,2052;0,00018;0,00046;0,00037
13,2160;0,00284;-0,00007;-0,00123
13,2254;0,00071;0,00152;0,00037
13,2358;-0,00035;-0,00007;-0,00336
13,2460;-0,00035;0,00099;-0,00070
13,2567;-0,00035;0,00099;-0,00176
13,2671;-0,00035;0,00046;-0,00070
13,2771;0,00018;-0,00167;-0,00070
13,2868;0,00125;-0,00007;0,00090
13,3027;0,00178;-0,00007;-0,00070
13,3078;0,00071;-0,00167;-0,00070
13,3173;-0,00089;-0,00007;-0,00016
13,3309;0,00018;-0,00114;0,00037
13,3373;0,00018;-0,00007;-0,00016
13,3476;0,00018;-0,00167;-0,00123
13,3579;-0,00035;0,00046;0,00250
13,3684;0,00018;-0,00114;-0,00070
13,3784;0,00178;-0,00007;-0,00176
13,3951;0,00178;-0,00007;0,00037
13,4150;-0,00408;0,00206;-0,00176
13,4150;-0,00035;0,00099;-0,00176
13,4186;-0,00089;0,00046;-0,00070
13,4292;0,00125;-0,00061;0,00037
13,4387;0,00231;0,00099;-0,00123
13,4492;0,00338;-0,00114;-0,00123
13,4599;0,00071;0,00152;0,00037
13,4691;0,00231;-0,00167;-0,00016
13,4797;-0,00035;0,00152;-0,00123
13,4856;0,00018;0,00099;-0,00176
13,4970;0,00018;0,00099;-0,00016
13,5057;-0,00089;0,00152;-0,00070
13,5158;0,00125;-0,00114;-0,00070
13,5255;0,00071;0,00206;0,00037
13,5356;0,00178;-0,00167;-0,00070
13,5489;0,00125;-0,00114;0,00143
13,5562;0,00071;-0,00061;-0,00070
13,5658;0,00125;0,00046;-0,00176
13,5760;0,00231;0,00046;-0,00176
13,5859;0,00178;-0,00007;0,00037
13,5964;0,00125;0,00046;-0,00123
13,6073;-0,00142;0,00099;-0,00070
13,6164;0,00178;0,00099;-0,00123
13,6266;-0,00089;0,00099;-0,00016
13,6377;-0,00035;-0,00007;-0,00016
13,6469;0,00125;0,00046;-0,00016
13,6584;-0,00248;0,00206;-0,00070
13,6738;-0,00195;0,00046;-0,00070
13,6788;0,00018;-0,00007;0,00197
13,6878;0,00018;-0,00061;-0,00176
13,6978;0,00125;0,00099;0,00037
13,7088;0,00125;-0,00007;-0,00283
13,7189;0,00178;-0,00061;-0,00070
13,7319;-0,00089;0,00152;-0,00176
13,7398;0,00071;0,00099;-0,00123
13,7496;0,00018;0,00099;-0,00016
13,7592;-0,00089;0,00046;0,00037
13,7693;0,00178;-0,00114;0,00037
13,7794;0,00125;-0,00007;-0,00229
13,7895;0,00178;0,00152;-0,00016
13,7994;0,00125;-0,00061;-0,00123
13,8053;-0,00089;0,00152;-0,00123
13,8165;-0,00248;0,00099;-0,00229
13,8255;-0,00035;0,00152;-0,00016
13,8356;-0,00089;-0,00061;-0,00070
13,8455;0,00071;0,00099;0,00037
13,8557;-0,00089;0,00046;-0,00016
13,8658;0,00125;0,00099;0,00037
13,8762;0,00125;0,00206;-0,00176
13,8880;0,00018;0,00099;-0,00070
13,8960;-0,00035;0,00099;-0,00016
13,9063;-0,00035;-0,00007;-0,00176
13,9171;-0,00195;0,00152;-0,00070
13,9263;-0,00195;-0,00167;0,00090
13,9369;0,00018;0,00206;-0,00123
13,9486;0,00338;-0,00114;-0,00016
13,9585;-0,00089;-0,00007;-0,00123
13,9694;0,00178;0,00152;-0,00070
13,9774;0,00231;-0,00061;-0,00016
13,9875;0,00125;-0,00007;-0,00176
13,9982;0,00338;-0,00220;-0,00016
14,0089;0,00071;0,00046;0,00037
14,0190;0,00125;0,00046;0,00090
14,0298;0,00071;-0,00007;0,00037
14,0398;0,00125;-0,00114;-0,00070
14,0566;0,00284;-0,00167;0,00037
14,0589;0,00231;0,00046;0,00037
14,0693;0,00178;0,00099;0,00250
14,0809;0,00071;-0,00007;-0,00176
14,0895;-0,00035;-0,00061;0,00037
14,1007;0,00125;0,00206;-0,00016
14,1057;0,00071;-0,00007;-0,00123
14,1160;0,00071;-0,00007;-0,00016
14,1260;-0,00142;0,00046;-0,00176
14,1371;0,00125;-0,00114;0,00090
14,1465;0,00284;-0,00007;-0,00016
14,1562;0,00018;0,00046;-0,00123
14,1662;-0,00035;-0,00007;-0,00070
14,1760;-0,00035;0,00046;-0,00123
14,1923;0,00125;0,00046;-0,00070
14,1988;-0,00089;-0,00061;-0,00229
14,2069;0,00231;0,00099;-0,00070
14,2179;0,00284;0,00046;0,00037
14,2270;0,00125;0,00099;-0,00283
14,2372;0,00178;-0,00007;-0,00016
14,2480;0,00231;0,00046;-0,00070
14,2580;0,00231;-0,00007;-0,00123
14,2688;-0,00035;0,00046;-0,00176
14,2781;0,00071;0,00152;-0,00070
14,2883;0,00018;0,00259;-0,00176
14,3062;0,00071;0,00099;0,00090
14,3082;0,00071;-0,00114;0,00090
14,3183;0,00125;0,00046;-0,00123
14,3288;-0,00035;-0,00007;0,00090
14,3394;0,00071;0,00152;-0,00070
14,3500;-0,00195;0,00046;-0,00070
14,3596;-0,00035;0,00046;-0,00229
14,3698;0,00071;0,00046;-0,00070
14,3801;0,00178;-0,00007;0,00037
14,3896;0,00125;0,00206;-0,00016
14,4001;-0,00089;0,00046;0,00037
14,4106;0,00125;-0,00274;-0,00070
14,4185;0,00071;-0,00167;-0,00070
14,4252;0,00125;0,00099;-0,00016
14,4393;-0,00408;0,00046;-0,00070
14,4458;0,00125;0,00099;-0,00070
14,4553;0,00018;0,00046;-0,00016
14,4682;0,00018;-0,00061;-0,00176
14,4754;0,00178;-0,00007;-0,00176
14,4868;-0,00142;0,00046;0,00143
14,4964;0,00071;0,00099;-0,00123
14,5061;0,00018;0,00046;0,00037
14,5166;0,00018;0,00259;0,00143
14,5274;0,00071;-0,00114;-0,00123
14,5371;0,00338;-0,00007;-0,00229
14,5474;0,00231;-0,00380;-0,00016
14,5577;0,00018;0,00099;-0,00070
14,5674;0,00284;-0,00167;0,00037
14,5781;0,00018;0,00046;-0,00176
14,5873;0,00178;0,00152;-0,00176
14,5984;0,00231;-0,00061;0,00090
14,6077;-0,00089;-0,00167;0,00090
14,6199;0,00178;0,00259;-0,00123
14,6284;0,00231;-0,00061;-0,00123
14,6387;-0,00142;-0,00061;-0,00016
14,6493;0,00178;-0,00007;0,00090
14,6596;0,00071;-0,00061;-0,00123
14,6694;0,00125;0,00099;-0,00229
14,6803;0,00284;-0,00007;-0,00016
14,7025;0,00178;-0,00274;-0,00229
14,7027;0,00178;0,00046;-0,00016
14,7101;0,00125;-0,00114;0,00090
14,7158;0,00071;-0,00114;-0,00176
14,7253;0,00444;-0,00061;0,00090
14,7364;0,00284;-0,00114;-0,00123
14,7463;0,00018;-0,00167;0,00037
14,7572;0,00284;-0,00061;0,00037
14,7669;0,00178;-0,00274;-0,00070
14,7764;0,00018;0,00152;-0,00123
14,7858;0,00231;-0,00061;-0,00070
14,7960;0,00071;-0,00220;-0,00123
14,8087;0,00125;-0,00007;-0,00070
14,8175;0,00018;0,00046;-0,00123
14,8263;0,00125;0,00099;-0,00123
14,8374;-0,00035;0,00046;-0,00070
14,8474;-0,00035;0,00259;-0,00229
14,8586;-0,00142;0,00259;0,00143
14,8675;-0,00035;0,00152;-0,00229
14,8787;-0,00035;0,00099;-0,00070
14,8883;0,00178;0,00046;-0,00123
14,8986;0,00018;0,00046;-0,00176
14,9097;0,00071;0,00046;0,00090
14,9189;0,00178;0,00206;0,00090
14,9298;0,00018;0,00099;-0,00070
14,9441;0,00125;0,00046;-0,00016
14,9488;0,00178;-0,00007;-0,00016
14,9596;0,00125;0,00046;-0,00070
14,9693;-0,00195;0,00046;-0,00123
14,9793;0,00018;-0,00007;0,00037
14,9898;0,00125;0,00046;-0,00070
15,0023;0,00125;0,00099;0,00037
15,0105;0,00178;-0,00007;-0,00123
15,0211;0,00231;-0,00007;-0,00016
15,0268;0,00071;-0,00167;0,00037
15,0365;-0,00035;-0,00007;-0,00070
15,0461;0,00125;-0,00167;-0,00016
15,0560;-0,00248;-0,00061;0,00143
15,0670;0,00071;0,00046;-0,00070
15,0791;0,00178;0,00046;0,00090
15,0873;0,00125;0,00152;0,00037
15,0967;0,00071;-0,00007;-0,00016
15,1065;0,00391;-0,00061;-0,00016
15,1165;0,00018;-0,00114;-0,00176
15,1261;0,00018;-0,00007;-0,00016
15,1372;0,00018;-0,00007;-0,00070
15,1467;-0,00035;-0,00061;-0,00123
15,1567;0,00178;-0,00061;-0,00070
15,1671;0,00018;0,00099;-0,00016
15,1792;0,00071;-0,00167;0,00037
15,1925;0,00071;-0,00007;-0,00016
15,1972;-0,00035;0,00206;-0,00070
15,2085;0,00231;0,00152;-0,00016
15,2185;-0,00142;0,00046;-0,00123
15,2286;0,00231;-0,00167;-0,00229
15,2388;0,00338;0,00046;-0,00070
15,2494;0,00071;-0,00007;-0,00016
15,2592;0,00284;0,00152;-0,00016
15,2695;0,00125;0,00046;0,00037
15,2788;0,00231;-0,00167;-0,00016
15,2898;-0,00035;0,00152;0,00090
15,2991;0,00071;-0,00007;-0,00016
15,3098;-0,00089;-0,00061;-0,00070
15,3273;0,00231;0,00099;-0,00123
15,3275;0,00178;0,00046;-0,00070
15,3352;0,00018;-0,00061;-0,00070
15,3453;0,00071;-0,00007;0,00143
15,3553;0,00125;-0,00061;-0,00016
15,3651;0,00125;-0,00114;-0,00229
15,3755;0,00125;-0,00007;0,00090
15,3858;0,00284;0,00046;-0,00016
15,3959;0,00071;0,00046;0,00143
15,4060;-0,00089;-0,00007;-0,00123
15,4166;-0,00089;-0,00167;-0,00070
15,4269;0,00231;-0,00007;-0,00123
15,4470;0,00125;-0,00007;-0,00176
15,4486;0,00178;-0,00061;-0,00016
15,4567;-0,00035;-0,00007;-0,00016
15,4671;-0,00142;0,00259;-0,00123
15,4774;0,00125;0,00099;-0,00123
15,4888;0,00125;-0,00061;0,00090
15,4976;-0,00089;-0,00007;0,00090
15,5077;0,00178;0,00046;-0,00070
15,5187;0,00018;0,00152;-0,00016
15,5294;0,00018;-0,00061;-0,00123
15,5393;0,00018;0,00259;-0,00016
15,5495;0,00231;-0,00220;0,00090
15,5600;-0,00142;-0,00061;-0,00176
15,5705;-0,00089;0,00046;-0,00123
15,5822;0,00178;0,00152;-0,00016
15,5900;-0,00089;0,00312;0,00037
15,5998;-0,00035;-0,00007;-0,00123
15,6112;-0,00035;0,00046;0,00143
15,6199;0,00071;0,00206;-0,00123
15,6302;0,00071;0,00099;-0,00016
15,6357;0,00071;-0,00380;-0,00016
15,6468;0,00071;-0,00007;-0,00176
15,6563;0,00125;-0,00114;0,00197
15,6663;0,00125;-0,00061;-0,00016
15,6760;0,00125;0,00099;-0,00123
15,6893;0,00071;-0,00061;0,00037
15,6968;0,00071;0,00046;-0,00070
15,7163;0,00178;-0,00114;-0,00176
15,7165;0,00018;0,00206;-0,00070
15,7267;0,00284;-0,00114;-0,00123
15,7369;-0,00248;0,00099;0,00037
15,7467;0,00018;0,00206;-0,00016
15,7574;0,00178;-0,00061;-0,00123
15,7669;-0,00089;-0,00167;0,00090
15,7776;0,00284;-0,00007;-0,00070
15,7873;0,00071;-0,00061;0,00037
15,7981;0,00125;0,00099;0,00037
15,8083;0,00125;-0,00007;0,00037
15,8186;-0,00142;-0,00007;-0,00016
15,8355;0,00071;0,00152;0,00037
15,8378;-0,00035;0,00046;-0,00070
15,8484;0,00178;0,00206;-0,00070
15,8587;0,00178;0,00152;0,00090
15,8695;-0,00089;-0,00114;-0,00070
15,8789;0,00178;0,00152;0,00037
15,8897;0,00178;-0,00061;-0,00176
15,8995;-0,00142;-0,00061;0,00037
15,9091;0,00178;-0,00114;-0,00123
15,9191;-0,00089;0,00099;-0,00070
15,9291;0,00018;0,00099;-0,00070
15,9353;0,00018;0,00152;-0,00176
15,9456;0,00018;0,00046;0,00037
15,9560;0,00018;0,00152;-0,00123
15,9651;0,00125;-0,00007;-0,00123
15,9758;0,00018;0,00152;-0,00016
15,9857;0,00018;-0,00114;-0,00123
15,9960;0,00231;-0,00167;-0,00016
16,0064;-0,00089;0,00099;-0,00176
16,0157;0,00284;0,00206;0,00037
16,0263;-0,00142;-0,00007;-0,00123
16,0357;-0,00089;0,00046;0,00090
16,0459;0,00231;-0,00061;-0,00123
16,0565;0,00018;0,00259;0,00037
16,0668;-0,00089;-0,00114;-0,00016
16,0836;0,00071;-0,00061;-0,00070
16,0872;0,00231;0,00046;-0,00176
16,0971;0,00071;-0,00220;-0,00016
16,1074;-0,00195;0,00099;-0,00176
16,1183;-0,00035;0,00206;0,00037
16,1292;0,00071;-0,00114;0,00037
16,1400;-0,00035;0,00259;-0,00070
16,1483;-0,00035;0,00152;0,00037
16,1591;0,00071;0,00046;-0,00070
16,1693;0,00071;-0,00007;0,00143
16,1798;0,00071;-0,00007;-0,00176
16,1945;0,00071;0,00046;0,00037
16,2004;-0,00035;-0,00167;0,00037
16,2196;-0,00035;-0,00220;-0,00016
16,2205;0,00018;0,00046;-0,00016
16,2301;0,00125;-0,00007;-0,00176
16,2400;0,00071;0,00046;-0,00123
16,2457;0,00071;-0,00061;-0,00016
16,2556;-0,00035;-0,00007;-0,00016
16,2661;0,00018;0,00046;0,00090
16,2763;0,00071;-0,00114;0,00143
16,2867;0,00178;-0,00007;-0,00229
16,2961;0,00125;0,00152;0,00037
16,3064;0,00284;-0,00007;-0,00016
16,3163;-0,00035;0,00099;-0,00016
16,3461;0,00125;-0,00167;0,00037
16,3463;-0,00035;0,00099;-0,00229
16,3480;0,00018;0,00206;-0,00070
16,3564;0,00071;-0,00007;-0,00123
16,3665;0,00125;-0,00007;-0,00070
16,3767;-0,00035;0,00046;-0,00123
16,3874;0,00018;-0,00114;0,00090
16,3978;0,00178;-0,00167;-0,00016
16,4091;0,00178;0,00152;0,00037
16,4186;-0,00035;0,00152;0,00143
16,4285;-0,00035;0,00152;-0,00123
16,4389;-0,00142;-0,00007;-0,00070
16,4494;0,00284;0,00152;-0,00016
16,4721;0,00071;0,00152;0,00090
16,4723;-0,00035;0,00099;0,00090
16,4789;-0,00195;0,00099;-0,00016
16,4897;0,00125;0,00152;-0,00070
16,5006;0,00178;-0,00007;-0,00070
16,5100;0,00178;0,00099;-0,00016
16,5193;0,00125;0,00152;-0,00016
16,5291;0,00018;-0,00114;0,00037
16,5395;0,00284;-0,00114;-0,00229
16,5454;0,00284;0,00046;-0,00070
16,5551;0,00018;-0,00167;0,00037
16,5649;-0,00142;-0,00007;-0,00176
16,5814;-0,00089;0,00099;-0,00070
16,5854;0,00231;-0,00114;-0,00229
16,5968;-0,00142;-0,00007;-0,00016
16,6054;0,00125;0,00046;-0,00336
16,6161;-0,00035;-0,00114;0,00090
16,6260;0,00231;-0,00167;-0,00070
16,6357;0,00125;-0,00007;-0,00016
16,6463;0,00178;-0,00007;0,00143
16,6563;0,00338;-0,00167;-0,00016
16,6666;0,00125;0,00099;-0,00176
16,6783;-0,00195;-0,00167;-0,00176
16,6871;0,00071;-0,00167;-0,00070
16,6969;0,00071;-0,00007;0,00037
16,7074;0,00391;-0,00061;-0,00016
16,7181;0,00231;-0,00061;0,00090
16,7283;0,00071;-0,00167;-0,00070
16,7376;0,00071;-0,00061;0,00037
16,7482;0,00125;-0,00007;-0,00229
16,7592;0,00178;0,00206;-0,00016
16,7687;0,00178;-0,00007;-0,00123
16,7796;-0,00035;-0,00061;-0,00016
16,7901;0,00018;0,00046;-0,00016
16,8001;0,00018;0,00046;-0,00123
16,8099;-0,00142;0,00046;-0,00070
16,8206;-0,00089;-0,00061;-0,00229
16,8306;-0,00195;0,00046;0,00037
16,8401;0,00178;-0,00061;0,00090
16,8535;0,00338;0,00206;-0,00123
16,8561;0,00125;0,00046;0,00037
16,8661;0,00018;0,00046;-0,00123
16,8762;0,00018;0,00259;0,00090
16,8859;-0,00248;-0,00007;-0,00016
16,8963;-0,00142;-0,00007;-0,00070
16,9054;0,00284;0,00046;0,00090
16,9166;-0,00089;-0,00114;0,00037
16,9259;0,00125;0,00099;0,00037
16,9360;0,00231;-0,00007;-0,00070
16,9468;0,00178;-0,00007;-0,00123
16,9567;0,00071;-0,00007;-0,00070
16,9730;0,00178;-0,00007;-0,00016
16,9772;-0,00195;0,00099;-0,00016
16,9870;0,00018;0,00046;0,00197
16,9991;0,00071;0,00259;-0,00070
17,0071;0,00071;0,00099;0,00037
17,0182;0,00231;0,00152;-0,00123
17,0276;0,00071;0,00312;-0,00389
17,0384;0,00284;-0,00220;-0,00123
17,0484;0,00018;-0,00114;-0,00176
17,0592;0,00125;-0,00061;0,00197
17,0697;-0,00089;0,00259;-0,00123
17,0830;-0,00035;0,00099;0,00037
17,0899;0,00284;0,00046;-0,00070
17,1068;-0,00142;-0,00061;-0,00176
17,1155;0,00018;0,00206;0,00090
17,1190;0,00178;-0,00061;-0,00123
17,1312;0,00125;-0,00114;-0,00070
17,1397;0,00125;-0,00114;-0,00070
17,1493;0,00125;-0,00061;0,00037
17,1557;0,00071;-0,00167;0,00037
17,1659;0,00125;-0,00167;-0,00123
17,1765;0,00178;0,00046;-0,00070
17,1864;0,00071;0,00046;0,00090
17,1959;-0,00035;0,00259;-0,00123
17,2074;0,00284;0,00152;-0,00016
17,2238;0,00125;-0,00061;-0,00016
17,2257;-0,00035;-0,00114;-0,00016
17,2379;0,00018;-0,00061;-0,00229
17,2459;-0,00142;-0,00061;-0,00123
17,2564;0,00071;-0,00007;-0,00016
17,2669;0,00018;0,00046;-0,00070
17,2772;0,00018;-0,00061;-0,00070
17,2872;0,00125;-0,00007;0,00143
17,2975;-0,00035;0,00046;-0,00070
17,3074;-0,00142;-0,00007;0,00250
17,3172;0,00231;0,00046;-0,00123
17,3274;-0,00142;0,00206;-0,00123
17,3376;0,00071;-0,00114;-0,00176
17,3541;-0,00089;0,00206;-0,00229
17,3581;0,00018;0,00206;-0,00229
17,3687;-0,00035;-0,00114;-0,00070
17,3781;-0,00035;0,00099;-0,00229
17,3885;0,00338;-0,00167;-0,00016
17,3989;0,00284;0,00206;-0,00283
17,4099;0,00178;-0,00167;-0,00176
17,4196;-0,00195;0,00046;0,00037
17,4292;0,00071;0,00206;-0,00070
17,4389;-0,00035;0,00099;-0,00070
17,4491;0,00018;-0,00007;-0,00176
17,4595;-0,00142;-0,00007;-0,00016
17,4660;0,00071;0,00099;0,00090
17,4754;0,00018;-0,00114;-0,00016
17,4864;-0,00142;-0,00167;0,00037
17,4958;0,00231;0,00312;-0,00070
17,5057;-0,00089;-0,00061;0,00090
17,5162;-0,00089;-0,00061;-0,00229
17,5262;0,00125;-0,00220;-0,00016
17,5359;0,00071;0,00206;-0,00176
17,5460;0,00018;0,00152;-0,00123
17,5568;-0,00089;-0,00061;-0,00016
17,5670;0,00178;0,00099;-0,00336
17,5771;-0,00195;0,00152;-0,00016
17,5882;0,00071;0,00046;-0,00016
17,5975;0,00071;0,00046;-0,00176
17,6130;-0,00195;-0,00007;-0,00176
17,6179;0,00018;-0,00061;0,00037
17,6273;-0,00089;-0,00167;-0,00016
17,6384;-0,00089;-0,00167;-0,00123
17,6489;0,00231;-0,00061;0,00037
17,6586;0,00071;-0,00007;0,00143
17,6684;-0,00035;-0,00007;-0,00176
17,6801;-0,00035;0,00099;-0,00070
17,6899;-0,00089;0,00046;-0,00016
17,6993;0,00125;0,00099;-0,00070
17,7122;0,00018;0,00099;-0,00070
17,7267;-0,00035;0,00099;-0,00070
17,7293;-0,00195;0,00046;0,00037
17,7390;0,00018;0,00152;0,00197
17,7520;0,00178;-0,00327;-0,00070
17,7602;0,00071;-0,00007;0,00090
17,7660;-0,00355;-0,00061;-0,00070
17,7765;0,00125;-0,00007;-0,00123
17,7861;-0,00035;0,00312;-0,00123
17,7956;-0,00089;-0,00061;-0,00123
17,8060;0,00125;-0,00007;-0,00176
17,8173;0,00338;-0,00061;-0,00123
17,8262;0,00018;0,00046;-0,00016
17,8387;0,00178;-0,00114;-0,00016
17,8462;0,00071;0,00046;-0,00016
17,8603;-0,00035;-0,00061;-0,00229
17,8682;-0,00035;-0,00061;-0,00070
17,8768;0,00178;0,00099;0,00037
17,8875;0,00391;-0,00114;-0,00016
17,8962;0,00071;-0,00061;-0,00123
17,9068;-0,00142;0,00152;-0,00016
17,9179;0,00125;-0,00007;-0,00070
17,9272;0,00018;-0,00114;0,00037
17,9381;0,00071;-0,00061;-0,00016
17,9476;0,00231;0,00099;-0,00176
17,9587;-0,00035;-0,00167;0,00250
17,9684;0,00178;-0,00007;-0,00016
17,9940;0,00178;0,00206;-0,00070
17,9942;0,00018;0,00152;-0,00070
18,0007;0,00338;-0,00007;-0,00123
18,0093;-0,00089;0,00046;-0,00070
18,0187;0,00231;-0,00007;0,00090
18,0288;0,00018;0,00152;-0,00016
18,0390;-0,00142;0,00046;0,00090
18,0488;-0,00089;-0,00061;-0,00229
18,0592;0,00125;-0,00007;-0,00070
18,0692;0,00071;-0,00061;-0,00016
18,0749;-0,00035;-0,00061;-0,00123
18,0859;0,00071;-0,00114;-0,00070
18,0959;-0,00089;-0,00061;-0,00016
18,1054;-0,00248;-0,00061;-0,00070
18,1157;-0,00142;0,00152;0,00037
18,1259;0,00284;-0,00061;0,00037
18,1359;0,00071;-0,00007;0,00037
18,1459;0,00178;-0,00061;-0,00123
18,1561;0,00018;-0,00007;0,00037
18,1661;-0,00089;0,00206;0,00037
18,1764;0,00018;0,00046;-0,00070
18,1863;-0,00195;0,00046;-0,00070
18,1966;0,00071;-0,00167;0,00037
18,2067;0,00018;-0,00114;-0,00123
18,2196;0,00178;-0,00061;-0,00016
18,2272;-0,00089;0,00046;0,00090
18,2447;0,00071;-0,00061;-0,00123
18,2476;0,00231;0,00152;-0,00176
18,2586;0,00178;0,00046;-0,00336
18,2686;-0,00035;0,00152;-0,00016
18,2785;0,00071;0,00152;-0,00070
18,2886;0,00178;-0,00114;-0,00123
18,2989;0,00071;0,00046;-0,00123
18,3095;0,00178;-0,00061;-0,00016
18,3197;-0,00035;-0,00114;-0,00016
18,3295;0,00071;0,00099;-0,00070
18,3401;-0,00089;0,00259;0,00037
18,3495;0,00284;0,00259;-0,00016
18,3625;0,00071;0,00046;-0,00176
18,3713;0,00125;-0,00167;-0,00016
18,3755;-0,00035;0,00046;-0,00123
18,3869;0,00125;0,00152;-0,00070
18,3964;-0,00035;0,00046;-0,00070
18,4060;0,00178;-0,00114;-0,00016
18,4173;-0,00248;-0,00007;-0,00016
18,4263;0,00178;0,00046;-0,00070
18,4367;0,00125;0,00099;-0,00070
18,4460;0,00125;-0,00220;-0,00016
18,4564;0,00071;0,00046;0,00037
18,4666;-0,00035;0,00099;-0,00016
18,4763;-0,00089;-0,00061;-0,00176
18,4964;-0,00089;0,00046;-0,00176
18,5053;0,00071;-0,00007;-0,00176
18,5069;0,00125;-0,00061;-0,00070
18,5169;0,00231;-0,00061;-0,00176
18,5280;0,00125;0,00099;-0,00070
18,5372;0,00125;-0,00167;0,00037
18,5473;-0,00035;0,00099;-0,00070
18,5581;0,00284;0,00206;-0,00336
18,5688;0,00071;0,00099;-0,00123
18,5784;0,00018;-0,00167;-0,00070
18,5881;0,00284;-0,00007;-0,00123
18,6008;0,00178;-0,00007;-0,00229
18,6140;0,00125;0,00099;-0,00016
18,6194;0,00178;-0,00007;-0,00123
18,6297;0,00125;-0,00007;-0,00070
18,6428;0,00178;0,00152;-0,00123
18,6493;-0,00089;-0,00061;0,00037
18,6597;0,00231;-0,00061;0,00143
18,6710;0,00071;-0,00007;-0,00123
18,6802;0,00018;0,00046;-0,00283
18,6869;-0,00035;0,00046;-0,00229
18,6971;0,00018;0,00099;-0,00070
18,7070;0,00231;-0,00007;0,00090
18,7167;0,00071;0,00046;-0,00176
18,7257;0,00018;-0,00274;0,00037
18,7362;0,00018;0,00259;-0,00070
18,7457;-0,00035;-0,00114;-0,00070
18,7576;0,00125;-0,00007;-0,00123
18,7657;0,00018;-0,00061;-0,00070
18,7761;-0,00035;0,00099;-0,00176
18,7862;0,00284;0,00046;-0,00283
18,7968;-0,00142;0,00099;0,00037
18,8063;-0,00089;-0,00007;-0,00176
18,8166;0,00071;-0,00007;-0,00123
18,8277;-0,00035;0,00099;-0,00070
18,8381;0,00125;-0,00220;0,00090
18,8478;-0,00035;0,00206;-0,00070
18,8569;0,00018;-0,00007;-0,00070
18,8679;0,00071;-0,00061;-0,00016
18,8782;0,00018;0,00099;-0,00123
18,8879;-0,00089;0,00046;-0,00016
18,8983;0,00071;0,00046;-0,00016
18,9098;-0,00142;-0,00061;-0,00123
18,9186;0,00178;-0,00061;0,00037
18,9301;-0,00035;-0,00114;0,00037
18,9390;0,00071;-0,00007;0,00090
18,9495;0,00071;0,00152;-0,00176
18,9593;0,00231;-0,00061;-0,00070
18,9700;-0,00035;0,00046;0,00090
18,9804;-0,00035;-0,00061;-0,00070
18,9863;-0,00142;-0,00007;-0,00123
19,0037;0,00125;0,00152;0,00037
19,0062;0,00178;0,00099;-0,00016
19,0159;0,00071;-0,00061;-0,00123
19,0252;-0,00089;-0,00114;0,00037
19,0362;0,00178;-0,00167;0,00090
19,0465;0,00071;-0,00007;-0,00229
19,0578;0,00018;-0,00114;0,00197
19,0661;0,00231;0,00046;-0,00070
19,0763;0,00071;0,00046;-0,00176
19,0870;0,00018;0,00046;-0,00016
19,0965;0,00231;-0,00114;0,00037
19,1068;-0,00142;0,00046;0,00037
19,1179;-0,00248;0,00046;-0,00229
19,1297;0,00178;-0,00061;0,00037
19,1371;0,00071;-0,00007;-0,00070
19,1471;0,00231;0,00046;-0,00123
19,1573;-0,00142;0,00259;-0,00016
19,1683;0,00231;0,00046;-0,00123
19,1791;0,00125;0,00206;-0,00283
19,1890;0,00018;-0,00007;0,00090
19,1991;0,00071;0,00046;0,00143
19,2096;0,00071;0,00099;-0,00176
19,2207;0,00071;-0,00061;-0,00016
19,2315;0,00125;0,00099;0,00090
19,2393;-0,00089;-0,00114;-0,00229
19,2509;-0,00195;0,00206;-0,00070
19,2608;0,00178;-0,00167;-0,00123
19,2691;0,00125;0,00046;-0,00070
19,2805;0,00018;-0,00007;-0,00070
19,2896;0,00125;-0,00167;-0,00229
19,2954;0,00071;0,00312;-0,00176
19,3063;0,00071;0,00099;-0,00123
19,3169;0,00125;0,00152;-0,00016
19,3262;0,00178;0,00046;-0,00070
19,3362;-0,00035;0,00099;-0,00016
19,3461;0,00071;-0,00167;-0,00123
19,3585;-0,00035;-0,00167;-0,00283
19,3691;0,00125;-0,00007;0,00090
19,3872;-0,00089;0,00046;-0,00070
19,3889;-0,00035;-0,00061;-0,00016
19,3964;0,00125;-0,00061;0,00197
19,4067;0,00071;0,00046;0,00197
19,4172;-0,00035;0,00206;-0,00123
19,4268;0,00018;-0,00114;-0,00070
19,4366;0,00231;-0,00007;-0,00070
19,4465;0,00125;0,00046;-0,00123
19,4566;0,00018;0,00099;0,00037
19,4671;-0,00089;0,00152;-0,00123
19,4780;-0,00142;0,00206;-0,00016
19,4884;0,00178;0,00046;-0,00070
19,4983;0,00071;-0,00114;-0,00016
19,5084;0,00125;0,00152;-0,00123
19,5184;0,00018;0,00099;-0,00123
19,5292;0,00125;-0,00061;-0,00070
19,5389;0,00071;0,00152;-0,00229
19,5488;0,00125;0,00152;0,00037
19,5591;-0,00089;0,00259;-0,00176
19,5695;0,00125;0,00046;-0,00016
19,5823;0,00178;-0,00380;-0,00070
19,5900;0,00284;0,00046;-0,00176
19,5955;0,00018;0,00099;0,00250
19,6050;0,00071;-0,00061;-0,00176
19,6159;0,00018;0,00152;0,00037
19,6253;0,00018;-0,00061;0,00037
19,6355;0,00178;0,00152;-0,00123
19,6455;0,00284;0,00099;-0,00070
19,6557;0,00125;0,00046;0,00037
19,6653;0,00231;0,00046;-0,00070
19,6758;0,00071;0,00099;0,00037
19,6856;0,00018;0,00206;-0,00070
19,6971;-0,00035;0,00046;-0,00016
19,7064;-0,00035;-0,00061;-0,00016
19,7171;0,00178;-0,00167;-0,00123
19,7268;0,00178;0,00206;0,00037
19,7370;-0,00035;-0,00167;0,00037
19,7539;-0,00035;-0,00007;-0,00070
19,7574;0,00018;0,00099;-0,00176
19,7682;0,00125;-0,00061;-0,00123
19,7776;0,00125;0,00099;-0,00176
19,7885;0,00071;-0,00114;-0,00123
19,7985;-0,00195;0,00046;-0,00336
19,8082;-0,00035;-0,00007;0,00037
19,8188;-0,00142;-0,00061;-0,00070
19,8294;0,00231;-0,00061;-0,00070
19,8393;0,00071;-0,00007;-0,00123
19,8503;0,00391;-0,00007;0,00037
19,8592;0,00178;0,00099;-0,00070
19,8718;0,00125;0,00152;-0,00016
19,8914;0,00284;-0,00220;0,00090
19,9024;-0,00195;-0,00061;-0,00176
19,9025;-0,00142;-0,00007;0,00143
19,9058;0,00071;0,00046;0,00037
19,9164;0,00178;0,00099;0,00090
19,9258;0,00231;-0,00167;-0,00070
19,9382;0,00231;0,00046;-0,00123
19,9467;0,00125;0,00206;-0,00442
19,9567;-0,00035;0,00046;0,00143
19,9671;0,00018;0,00152;-0,00016
19,9770;-0,00089;-0,00007;0,00037
19,9866;0,00178;0,00099;-0,00229
20,0059;-0,00035;0,00046;-0,00229
20,0069;0,00284;0,00046;-0,00070
20,0162;0,00125;-0,00167;-0,00176
20,0262;-0,00035;-0,00007;-0,00123
20,0367;-0,00035;0,00152;-0,00123
20,0466;0,00071;-0,00114;-0,00229
20,0574;0,00231;0,00099;-0,00070
20,0677;-0,00195;-0,00061;-0,00016
20,0793;-0,00089;-0,00007;-0,00123
20,0884;0,00178;0,00152;-0,00176
20,0985;0,00071;0,00046;0,00303
20,1079;-0,00035;0,00152;-0,00123
20,1184;0,00018;-0,00114;-0,00229
20,1296;0,00071;0,00046;-0,00123
20,1414;0,00178;-0,00061;0,00090
20,1498;0,00125;0,00152;-0,00016
20,1592;-0,00195;-0,00007;0,00037
20,1720;-0,00195;0,00099;-0,00283
20,1892;0,00284;-0,00007;-0,00016
20,1897;0,00125;-0,00007;0,00037
20,1997;0,00125;0,00046;-0,00070
20,2095;0,00338;-0,00007;0,00143
20,2197;0,00178;-0,00167;0,00090
20,2264;0,00231;-0,00167;0,00090
20,2357;-0,00035;-0,00007;-0,00176
20,2457;0,00178;0,00046;0,00037
20,2559;0,00018;-0,00007;-0,00176
20,2667;-0,00035;0,00099;-0,00016
20,2755;0,00231;-0,00007;-0,00016
20,2853;0,00284;0,00046;-0,00070
20,2957;-0,00142;0,00099;-0,00070
20,3062;0,00071;0,00099;-0,00123
20,3163;0,00071;-0,00114;-0,00070
20,3269;0,00231;-0,00007;0,00143
20,3369;0,00125;0,00152;-0,00176
20,3468;0,00071;-0,00007;-0,00016
20,3572;0,00391;-0,00007;-0,00123
20,3672;0,00125;-0,00007;-0,00016
20,3779;0,00125;-0,00007;-0,00123
20,3889;0,00178;-0,00114;-0,00176
20,4034;-0,00195;0,00152;-0,00070
20,4082;0,00018;0,00099;-0,00229
20,4192;0,00125;-0,00007;-0,00336
20,4288;-0,00089;0,00152;-0,00016
20,4400;-0,00035;0,00046;0,00037
20,4494;0,00018;0,00046;-0,00229
20,4591;0,00125;0,00046;0,00037
20,4698;0,00178;0,00152;0,00037
20,4797;0,00231;-0,00007;-0,00016
20,4908;0,00178;-0,00220;-0,00070
20,5004;-0,00035;-0,00007;-0,00070
20,5110;0,00018;0,00099;0,00037
20,5253;0,00018;0,00099;-0,00176
20,5304;0,00125;0,00046;0,00090
20,5398;-0,00035;0,00046;-0,00176
20,5466;0,00125;0,00152;-0,00070
20,5568;-0,00089;-0,00220;-0,00123
20,5660;0,00178;-0,00433;-0,00070
20,5759;0,00071;-0,00007;0,00090
20,5870;0,00231;0,00152;-0,00070
20,5960;0,00125;-0,00007;-0,00229
20,6064;0,00071;-0,00061;-0,00123
20,6168;0,00071;0,00099;-0,00070
20,6311;0,00231;0,00046;-0,00016
20,6448;-0,00195;-0,00167;-0,00070
20,6468;0,00071;0,00206;0,00090
20,6566;0,00444;0,00046;-0,00016
20,6694;-0,00035;0,00152;0,00037
20,6768;0,00231;0,00046;-0,00336
20,6873;-0,00035;-0,00061;-0,00123
20,6977;0,00125;0,00099;-0,00016
20,7076;0,00178;0,00099;-0,00336
20,7180;0,00071;0,00099;0,00250
20,7298;0,00125;0,00152;-0,00070
20,7395;-0,00035;0,00099;-0,00176
20,7496;0,00178;0,00046;-0,00123
20,7592;0,00178;0,00046;-0,00123
20,7767;-0,00195;-0,00167;0,00037
20,7796;-0,00142;0,00046;0,00037
20,7904;0,00444;-0,00007;-0,00016
20,8009;0,00018;0,00099;0,00037
20,8099;0,00071;-0,00061;-0,00016
20,8197;0,00018;-0,00114;-0,00016
20,8301;0,00178;0,00152;0,00037
20,8406;-0,00089;-0,00061;-0,00176
20,8465;0,00125;-0,00114;-0,00016
20,8574;0,00071;-0,00061;0,00037
20,8674;0,00178;0,00152;0,00090
20,8770;0,00018;-0,00114;-0,00016
20,8863;0,00125;-0,00061;-0,00123
20,8961;-0,00035;-0,00114;-0,00070
20,9141;0,00018;-0,00114;-0,00070
20,9162;0,00178;0,00046;-0,00016
20,9269;0,00178;-0,00007;-0,00123
20,9392;0,00071;0,00206;-0,00123
20,9469;-0,00035;-0,00114;-0,00016
20,9569;0,00125;-0,00007;-0,00176
20,9681;0,00231;0,00099;-0,00016
20,9775;0,00071;-0,00167;-0,00176
20,9868;-0,00089;0,00099;-0,00229
20,9971;-0,00089;-0,00007;-0,00070
21,0083;0,00018;-0,00114;0,00143
21,0233;0,00125;-0,00007;-0,00070
21,0290;0,00338;-0,00167;-0,00070
21,0379;0,00125;0,00046;-0,00016
21,0475;0,00018;0,00046;-0,00123
21,0579;0,00125;-0,00007;0,00037
21,0692;0,00018;-0,00061;0,00143
21,0785;0,00178;0,00099;-0,00176
21,0896;-0,00195;0,00099;0,00037
21,0992;0,00018;-0,00007;-0,00283
21,1093;0,00071;-0,00061;0,00197
21,1190;-0,00408;0,00046;-0,00016
21,1297;0,00071;0,00259;-0,00016
21,1402;-0,00089;-0,00007;0,00090
21,1506;0,00071;0,00152;-0,00016
21,1615;0,00018;0,00046;0,00037
21,1664;0,00071;0,00099;-0,00070
21,1764;0,00071;0,00099;-0,00016
21,1865;0,00071;-0,00061;-0,00016
21,1969;0,00071;0,00099;0,00037
21,2056;0,00018;0,00099;-0,00016
21,2159;0,00125;-0,00061;-0,00070
21,2260;-0,00089;-0,00061;-0,00070
21,2370;0,00338;0,00259;-0,00016
21,2464;0,00018;0,00046;0,00143
21,2566;0,00125;0,00046;-0,00123
21,2671;-0,00089;0,00099;0,00090
21,2779;-0,00089;0,00046;-0,00070
21,2897;0,00071;0,00099;-0,00070
21,2985;0,00125;0,00099;-0,00070
21,3078;-0,00035;0,00152;-0,00389
21,3190;0,00338;0,00152;-0,00070
21,3292;-0,00089;0,00046;-0,00176
21,3387;0,00125;-0,00007;-0,00016
21,3490;-0,00355;-0,00167;-0,00016
21,3588;-0,00089;0,00046;-0,00123
21,3703;0,00071;0,00259;-0,00123
21,3795;0,00125;0,00099;-0,00070
21,3907;0,00125;-0,00061;-0,00070
21,3993;0,00231;-0,00007;-0,00070
21,4137;0,00018;-0,00167;-0,00123
21,4196;0,00125;-0,00007;-0,00016
21,4292;0,00125;-0,00007;-0,00070
21,4403;0,00018;-0,00007;-0,00070
21,4502;0,00071;0,00046;-0,00070
21,4556;0,00125;0,00099;-0,00070
21,4662;0,00071;0,00099;0,00090
21,4768;-0,00089;0,00046;-0,00016
21,4870;0,00018;0,00046;-0,00016
21,4970;0,00071;0,00099;0,00143
21,5059;0,00071;-0,00007;-0,00123
21,5168;0,00125;-0,00007;-0,00070
21,5302;0,00178;0,00046;0,00037
21,5369;0,00178;0,00099;-0,00070
21,5468;0,00071;-0,00007;-0,00016
21,5571;-0,00035;-0,00061;-0,00123
21,5665;0,00125;-0,00061;0,00037
21,5775;0,00125;0,00046;0,00037
21,5872;0,00125;-0,00061;-0,00070
21,5975;0,00125;0,00099;0,00037
21,6080;-0,00035;0,00206;-0,00176
21,6177;-0,00035;-0,00007;0,00037
21,6280;0,00071;-0,00114;-0,00229
21,6439;0,00231;0,00046;-0,00176
21,6482;0,00284;0,00046;-0,00176
21,6700;0,00125;-0,00061;0,00090
21,6702;0,00125;-0,00007;-0,00016
21,6785;0,00018;-0,00007;-0,00070
21,6906;-0,00035;-0,00167;-0,00229
21,6992;0,00178;-0,00061;0,00090
21,7087;-0,00035;0,00099;0,00143
21,7190;0,00231;-0,00007;-0,00123
21,7299;0,00018;0,00046;-0,00123
21,7403;-0,00035;-0,00061;-0,00123
21,7500;-0,00035;0,00099;-0,00016
21,7598;-0,00035;-0,00167;-0,00176
21,7661;-0,00195;-0,00007;-0,00123
21,7763;-0,00035;-0,00114;0,00037
21,7853;0,00125;-0,00007;0,00037
21,7971;-0,00195;-0,00007;-0,00123
21,8058;0,00231;0,00099;-0,00070
21,8155;-0,00035;-0,00007;-0,00016
21,8262;0,00018;0,00099;0,00037
21,8368;0,00018;-0,00167;-0,00070
21,8466;0,00018;0,00152;-0,00123
21,8571;-0,00089;0,00046;-0,00070
21,8672;0,00231;0,00099;-0,00176
21,8778;0,00018;-0,00061;-0,00070
21,8879;0,00071;-0,00007;0,00037
21,8968;0,00178;0,00259;-0,00070
21,9148;0,00178;0,00152;-0,00176
21,9225;0,00018;-0,00007;-0,00070
21,9273;0,00284;0,00046;-0,00070
21,9374;0,00231;0,00046;0,00090
21,9506;0,00071;-0,00167;0,00143
21,9590;0,00178;-0,00114;-0,00016
21,9696;0,00071;0,00046;0,00090
21,9791;-0,00248;0,00259;-0,00123
21,9893;0,00125;0,00259;-0,00070
21,9993;-0,00089;0,00259;-0,00123
22,0096;-0,00142;-0,00167;0,00037
22,0198;-0,00089;0,00259;0,00090
22,0334;0,00018;0,00099;-0,00123
22,0440;0,00231;0,00206;-0,00176
22,0496;0,00071;0,00206;0,00090
22,0598;-0,00089;-0,00061;-0,00070
22,0662;0,00125;0,00046;-0,00123
22,0757;0,00178;0,00206;-0,00016
22,0868;0,00071;-0,00061;-0,00123
22,0961;-0,00035;-0,00114;0,00197
22,1069;0,00018;0,00152;-0,00229
22,1163;0,00018;0,00099;-0,00123
22,1257;0,00071;0,00152;-0,00070
22,1360;0,00018;-0,00007;-0,00016
22,1467;0,00071;0,00152;-0,00070
22,1567;0,00071;-0,00167;-0,00016
22,1730;0,00071;0,00099;0,00037
22,1779;0,00071;0,00099;-0,00176
22,1872;0,00071;-0,00007;-0,00123
22,1967;-0,00089;-0,00114;-0,00229
22,2096;-0,00142;-0,00007;-0,00016
22,2170;-0,00089;0,00046;-0,00070
22,2278;0,00231;-0,00061;-0,00123
22,2382;0,00125;0,00472;0,00037
22,2486;0,00071;-0,00167;0,00143
22,2585;0,00071;0,00206;-0,00016
22,2685;0,00125;-0,00114;0,00037
22,2834;0,00178;0,00099;-0,00016
22,2887;0,00071;0,00099;0,00037
22,2991;0,00231;-0,00114;0,00090
22,3088;0,00018;-0,00061;0,00090
22,3193;0,00071;0,00099;0,00037
22,3367;0,00125;-0,00167;-0,00070
22,3416;0,00125;-0,00061;-0,00070
22,3498;0,00018;0,00152;0,00037
22,3600;-0,00089;-0,00061;0,00143
22,3699;0,00018;-0,00007;-0,00016
22,3754;0,00231;-0,00061;-0,00016
22,3853;0,00125;0,00099;0,00090
22,3970;-0,00089;0,00099;-0,00016
22,4058;0,00284;-0,00007;0,00090
22,4159;0,00018;0,00099;-0,00176
22,4270;0,00125;-0,00061;-0,00176
22,4354;0,00125;0,00046;0,00090
22,4462;0,00071;0,00206;0,00037
22,4562;0,00178;-0,00114;-0,00176
22,4660;0,00125;0,00099;0,00250
22,4764;0,00178;0,00046;-0,00070
22,4863;0,00071;-0,00007;-0,00123
22,4969;0,00018;-0,00007;-0,00176
22,5070;0,00231;0,00099;0,00143
22,5173;-0,00035;0,00099;-0,00176
22,5281;-0,00195;-0,00007;-0,00070
22,5373;0,00071;-0,00007;0,00143
22,5470;0,00018;0,00152;-0,00283
22,5583;0,00125;-0,00061;-0,00016
22,5686;0,00178;-0,00007;0,00090
22,5788;0,00125;0,00099;-0,00123
22,5884;0,00178;0,00152;-0,00123
22,5993;0,00071;0,00099;-0,00123
22,6086;-0,00248;-0,00007;0,00090
22,6196;0,00338;-0,00061;0,00143
22,6290;0,00231;0,00152;-0,00070
22,6394;-0,00142;-0,00114;0,00090
22,6495;0,00018;0,00152;-0,00123
22,6704;-0,00089;0,00046;-0,00070
22,6707;-0,00089;-0,00114;-0,00123
22,6763;-0,00248;-0,00007;0,00090
22,6860;0,00071;0,00046;-0,00016
22,6962;0,00018;0,00152;-0,00070
22,7060;0,00125;-0,00061;-0,00176
22,7165;0,00125;0,00046;-0,00070
22,7262;0,00071;-0,00061;-0,00070
22,7374;0,00071;-0,00061;-0,00070
22,7465;0,00125;-0,00007;-0,00016
22,7562;-0,00035;-0,00167;-0,00070
22,7663;0,00125;0,00206;-0,00176
22,7767;0,00231;-0,00007;-0,00070
22,7872;-0,00195;0,00046;-0,00070
22,8039;0,00018;0,00046;-0,00123
22,8081;-0,00035;0,00046;-0,00229
22,8173;0,00071;-0,00061;-0,00016
22,8304;0,00178;0,00046;-0,00070
22,8376;0,00125;0,00046;0,00090
22,8480;0,00071;0,00099;0,00037
22,8586;0,00018;-0,00007;0,00037
22,8689;0,00071;0,00046;-0,00070
22,8790;-0,00089;0,00152;0,00090
22,8890;0,00231;0,00046;-0,00016
22,8992;0,00071;-0,00167;0,00090
22,9100;0,00071;0,00099;-0,00123
22,9206;0,00071;-0,00007;-0,00016
22,9302;0,00178;0,00046;-0,00016
22,9392;0,00125;-0,00007;-0,00176
22,9496;0,00178;-0,00167;0,00090
22,9598;-0,00089;-0,00167;-0,00123
22,9695;0,00071;0,00046;-0,00016
22,9802;0,00231;-0,00007;-0,00123
22,9871;-0,00035;0,00099;-0,00070
22,9965;0,00071;0,00099;-0,00070
23,0060;0,00178;-0,00114;-0,00016
23,0165;0,00125;0,00046;-0,00123
23,0264;0,00125;-0,00114;-0,00070
23,0370;0,00125;-0,00114;0,00037
23,0546;0,00071;0,00099;-0,00176
23,0564;0,00018;-0,00007;-0,00070
23,0665;0,00018;0,00046;0,00090
23,0770;0,00231;-0,00007;0,00143
23,0862;0,00071;0,00206;0,00090
23,0962;-0,00142;0,00152;-0,00016
23,1069;0,00125;0,00206;-0,00176
23,1165;0,00125;0,00099;-0,00016
23,1266;0,00071;-0,00061;0,00090
23,1369;0,00125;-0,00167;0,00143
23,1470;-0,00089;-0,00007;-0,00123
23,1571;0,00178;0,00259;-0,00070
23,1683;0,00231;-0,00114;0,00037
23,1779;0,00125;0,00419;0,00037
23,1887;0,00125;-0,00007;-0,00016
23,1984;-0,00142;0,00312;-0,00123
23,2090;0,00125;-0,00061;-0,00016
23,2188;0,00018;-0,00061;-0,00016
23,2393;-0,00035;0,00099;-0,00070
23,2393;0,00125;-0,00114;0,00143
23,2492;0,00338;-0,00061;-0,00176
23,2586;-0,00142;0,00046;-0,00016
23,2688;-0,00035;-0,00114;0,00037
23,2799;0,00018;-0,00167;-0,00016
23,2868;-0,00142;-0,00007;0,00250
23,3035;0,00071;0,00366;-0,00016
23,3061;-0,00035;0,00046;-0,00016
23,3160;0,00178;0,00046;-0,00176
23,3253;0,00125;-0,00114;-0,00229
23,3399;0,00125;-0,00007;-0,00016
23,3467;0,00071;-0,00114;-0,00123
23,3556;0,00125;0,00046;-0,00070
23,3656;0,00071;-0,00167;-0,00176
23,3759;0,00125;-0,00061;-0,00016
23,3861;0,00125;0,00259;-0,00176
23,3968;-0,00035;-0,00007;-0,00016
23,4067;0,00071;0,00099;0,00090
23,4171;-0,00142;-0,00007;-0,00070
23,4270;0,00071;0,00206;-0,00070
23,4450;0,00284;0,00046;0,00197
23,4533;0,00018;-0,00007;-0,00123
23,4572;0,00125;0,00099;0,00143
23,4675;-0,00142;-0,00007;-0,00070
23,4775;0,00284;-0,00061;-0,00016
23,4878;-0,00035;-0,00061;0,00090
23,4990;-0,00142;-0,00007;-0,00016
23,5088;-0,00035;-0,00007;-0,00123
23,5192;0,00178;-0,00061;0,00143
23,5296;0,00178;0,00099;-0,00123
23,5409;0,00071;0,00206;0,00037
23,5592;-0,00089;-0,00007;-0,00229
23,5593;0,00178;-0,00007;0,00037
23,5695;0,00231;0,00046;-0,00070
23,5797;0,00178;-0,00007;-0,00016
23,5911;-0,00035;-0,00061;0,00090
23,5959;-0,00089;0,00046;-0,00176
23,6064;-0,00089;-0,00114;0,00090
23,6163;0,00178;-0,00007;-0,00016
23,6261;0,00018;-0,00007;0,00037
23,6366;0,00071;-0,00061;0,00037
23,6463;-0,00142;-0,00061;-0,00016
23,6559;0,00284;-0,00061;-0,00123
23,6676;-0,00248;0,00259;-0,00176
23,6765;0,00125;0,00046;0,00037
23,6945;0,00125;-0,00007;-0,00123
23,6965;0,00231;0,00152;-0,00016
23,7074;0,00071;0,00099;-0,00229
23,7165;0,00284;-0,00007;-0,00070
23,7267;-0,00089;0,00206;-0,00016
23,7372;-0,00089;0,00046;0,00037
23,7472;0,00125;0,00046;0,00250
23,7589;0,00125;-0,00114;-0,00176
23,7687;0,00125;0,00259;-0,00070
23,7782;-0,00195;0,00099;-0,00016
23,7884;0,00071;0,00206;-0,00016
23,8116;0,00071;-0,00114;0,00143
23,8117;-0,00142;0,00099;-0,00070
23,8183;0,00071;-0,00007;-0,00176
23,8391;0,00018;-0,00007;-0,00016
23,8391;-0,00089;-0,00007;-0,00070
23,8504;-0,00035;0,00046;-0,00123
23,8587;0,00018;0,00099;0,00037
23,8692;0,00178;-0,00007;-0,00123
23,8795;0,00178;-0,00061;-0,00123
23,8904;0,00231;0,00152;-0,00229
23,8953;0,00231;0,00099;-0,00176
23,9057;0,00071;0,00152;-0,00070
23,9165;0,00231;0,00099;-0,00123
23,9255;0,00125;-0,00114;-0,00016
23,9384;0,00178;-0,00061;-0,00070
23,9464;-0,00089;0,00099;-0,00123
23,9558;-0,00089;0,00152;0,00037
23,9651;0,00125;0,00099;-0,00176
23,9764;-0,00035;-0,00114;-0,00070
23,9865;0,00125;-0,00061;0,00037
23,9970;0,00071;-0,00114;0,00037
24,0059;0,00018;0,00259;-0,00176
24,0168;0,00125;-0,00061;-0,00229
24,0265;0,00338;-0,00007;0,00090
24,0365;-0,00035;0,00259;0,00143
24,0476;0,00071;-0,00061;-0,00016
24,0572;0,00018;0,00099;0,00090
24,0695;-0,00195;0,00046;0,00037
24,0776;-0,00035;-0,00167;-0,00016
24,0881;-0,00035;0,00099;-0,00123
24,0979;0,00178;-0,00220;-0,00283
24,1082;0,00071;0,00152;-0,00123
24,1196;0,00125;0,00152;0,00037
24,1292;0,00284;-0,00007;-0,00123
24,1394;0,00018;0,00046;-0,00070
24,1503;0,00071;0,00152;0,00090
24,1598;0,00391;-0,00007;-0,00016
24,1695;0,00071;0,00099;-0,00123
24,1802;-0,00195;0,00152;0,00090
24,1938;-0,00035;0,00099;-0,00016
24,2009;0,00018;-0,00114;-0,00016
24,2056;0,00018;0,00046;0,00143
24,2155;-0,00142;0,00099;-0,00123
24,2254;0,00125;0,00206;-0,00176
24,2355;-0,00035;0,00099;-0,00070
24,2460;0,00018;-0,00007;-0,00176
24,2562;0,00125;-0,00007;-0,00229
24,2665;-0,00089;-0,00114;-0,00016
24,2761;0,00018;-0,00007;-0,00016
24,2863;0,00125;-0,00114;-0,00016
24,2968;0,00071;0,00152;-0,00016
24,3103;0,00125;-0,00114;-0,00176
24,3165;-0,00142;-0,00114;-0,00016
24,3267;0,00125;-0,00061;0,00143
24,3373;-0,00089;0,00152;0,00037
24,3475;-0,00089;-0,00167;0,00037
24,3575;0,00018;0,00152;-0,00016
24,3690;0,00071;0,00099;-0,00123
24,3782;0,00231;-0,00061;-0,00283
24,3888;0,00178;0,00046;-0,00176
24,3985;0,00125;0,00259;-0,00070
24,4100;0,00071;-0,00167;-0,00016
24,4195;0,00071;-0,00007;-0,00016
24,4291;0,00125;0,00046;0,00037
24,4461;-0,00035;0,00152;-0,00176
24,4496;0,00071;-0,00114;-0,00123
24,4586;0,00125;-0,00061;0,00143
24,4705;-0,00035;0,00152;-0,00389
24,4798;0,00018;-0,00114;-0,00176
24,4895;-0,00035;0,00099;0,00037
24,5000;-0,00035;-0,00061;-0,00283
24,5064;-0,00142;-0,00220;0,00037
24,5162;-0,00089;-0,00061;-0,00016
24,5268;0,00018;-0,00007;-0,00229
24,5376;-0,00142;-0,00007;0,00037
24,5468;-0,00035;-0,00061;-0,00016
24,5565;-0,00195;0,00152;-0,00070
24,5667;0,00071;0,00046;-0,00123
24,5832;0,00125;-0,00114;-0,00176
24,5898;-0,00035;-0,00007;-0,00016
24,5966;0,00018;0,00046;-0,00016
24,6059;0,00178;0,00259;-0,00070
24,6167;0,00071;-0,00220;-0,00336
24,6264;0,00125;-0,00061;-0,00070
24,6368;0,00391;0,00099;-0,00016
24,6467;0,00178;-0,00061;0,00090
24,6565;0,00018;0,00206;-0,00123
24,6666;0,00018;-0,00167;-0,00070
24,6790;0,00284;-0,00061;-0,00070
24,6923;0,00125;0,00152;0,00037
24,6979;0,00071;-0,00007;-0,00016
24,7089;-0,00089;0,00152;0,00037
24,7185;0,00071;0,00206;0,00090
24,7286;0,00018;0,00206;-0,00176
24,7392;-0,00142;0,00099;-0,00176
24,7483;0,00018;-0,00007;0,00090
24,7582;0,00125;0,00206;-0,00016
24,7698;0,00071;0,00099;-0,00123
24,7796;0,00018;0,00046;-0,00229
24,7900;0,00071;0,00099;-0,00070
24,8003;0,00125;-0,00167;-0,00070
24,8102;0,00231;-0,00007;0,00143
24,8161;0,00284;0,00099;0,00037
24,8302;0,00018;-0,00114;-0,00176
24,8410;0,00018;0,00099;-0,00070
24,8461;0,00018;-0,00007;0,00037
24,8566;-0,00035;0,00206;-0,00176
24,8662;0,00071;0,00152;-0,00070
24,8759;0,00178;-0,00114;0,00197
24,8866;0,00125;-0,00007;-0,00176
24,8960;-0,00035;-0,00007;-0,00229
24,9064;0,00071;-0,00007;-0,00123
24,9165;0,00071;0,00152;0,00037
24,9275;0,00125;-0,00007;-0,00123
24,9370;0,00018;-0,00274;-0,00070
24,9491;0,00178;-0,00061;0,00143
24,9573;0,00071;0,00152;-0,00070
24,9664;0,00125;0,00099;-0,00176
24,9780;-0,00089;0,00259;-0,00123
24,9873;-0,00195;-0,00114;-0,00283
24,9974;0,00178;-0,00007;0,00037
25,0082;-0,00195;-0,00061;0,00143
25,0178;0,00178;-0,00007;-0,00176
25,0296;0,00018;-0,00007;0,00090
25,0388;-0,00142;-0,00114;-0,00123
25,0491;0,00071;0,00046;-0,00016
25,0595;0,00231;-0,00007;0,00037
25,0703;0,00125;-0,00061;-0,00070
25,0830;0,00125;0,00099;-0,00123
25,0899;0,00125;-0,00007;0,00143
25,0993;0,00071;0,00046;0,00037
25,1103;0,00018;-0,00007;-0,00016
25,1160;0,00178;0,00152;0,00037
25,1257;0,00125;0,00046;0,00090
25,1366;0,00071;-0,00061;0,00143
25,1461;-0,00035;0,00046;0,00090
25,1556;0,00178;-0,00061;-0,00123
25,1661;0,00018;-0,00007;-0,00016
25,1772;0,00178;0,00046;0,00037
25,1866;0,00178;-0,00007;-0,00176
25,2023;0,00018;0,00099;0,00037
25,2085;-0,00035;-0,00007;0,00090
25,2175;-0,00089;-0,00061;0,00090
25,2273;0,00125;0,00099;0,00090
25,2361;0,00284;0,00152;-0,00070
25,2469;-0,00142;0,00099;-0,00016
25,2573;0,00178;0,00099;-0,00123
25,2674;-0,00035;0,00099;-0,00016
25,2776;0,00071;0,00099;-0,00070
25,2885;0,00071;0,00152;-0,00176
25,2980;0,00178;0,00099;0,00037
25,3118;-0,00035;0,00099;-0,00016
25,3178;-0,00089;0,00099;-0,00123
25,3363;0,00071;0,00046;0,00037
25,3376;0,00178;0,00046;-0,00070
25,3483;0,00071;-0,00167;0,00090
25,3585;0,00284;0,00099;-0,00070
25,3688;0,00125;-0,00114;-0,00070
25,3791;-0,00035;0,00099;-0,00070
25,3885;0,00071;0,00152;-0,00070
25,3997;-0,00035;0,00099;-0,00016
25,4090;-0,00035;-0,00061;0,00143
25,4200;0,00071;-0,00167;-0,00016
25,4253;-0,00035;-0,00061;-0,00123
25,4363;0,00071;0,00099;0,00037
25,4466;-0,00035;0,00099;-0,00229
25,4559;0,00178;-0,00167;-0,00070
25,4663;-0,00035;0,00152;-0,00123
25,4765;0,00284;-0,00061;-0,00016
25,4854;0,00125;0,00152;-0,00176
25,4953;0,00018;-0,00114;-0,00070
25,5058;0,00018;-0,00061;-0,00070
25,5162;0,00178;0,00099;-0,00229
25,5258;-0,00142;-0,00114;-0,00176
25,5362;0,00231;0,00046;-0,00070
25,5472;0,00125;0,00259;-0,00016
25,5569;-0,00035;0,00152;-0,00229
25,5673;-0,00089;-0,00114;-0,00283
25,5839;0,00071;0,00099;0,00037
25,5875;0,00125;-0,00007;-0,00016
25,5980;0,00178;0,00046;-0,00070
25,6105;0,00071;0,00046;-0,00176
25,6185;0,00178;-0,00007;0,00143
25,6292;0,00071;0,00152;0,00037
25,6385;0,00071;-0,00007;-0,00016
25,6495;0,00071;-0,00007;0,00037
25,6593;0,00018;0,00152;-0,00070
25,6691;0,00071;-0,00007;-0,00070
25,6803;-0,00195;0,00152;-0,00070
25,6892;0,00125;-0,00114;-0,00070
25,7006;-0,00089;0,00046;-0,00123
25,7239;-0,00035;-0,00007;-0,00070
25,7240;0,00071;0,00046;-0,00070
25,7334;0,00071;0,00099;-0,00016
25,7352;0,00338;0,00046;-0,00176
25,7457;0,00071;0,00046;-0,00123
25,7554;-0,00142;0,00046;-0,00070
25,7660;0,00391;0,00099;-0,00070
25,7766;0,00178;0,00099;-0,00123
25,7864;0,00231;-0,00007;-0,00070
25,7959;-0,00035;-0,00007;-0,00070
25,8057;-0,00035;-0,00114;-0,00070
25,8169;-0,00035;-0,00007;-0,00070
25,8372;0,00071;0,00099;-0,00229
25,8374;-0,00142;-0,00167;-0,00070
25,8465;0,00178;0,00259;0,00090
25,8570;0,00071;0,00099;-0,00123
25,8669;0,00125;0,00152;-0,00176
25,8771;-0,00035;0,00152;0,00197
25,8876;-0,00035;-0,00061;-0,00176
25,8975;-0,00089;0,00046;-0,00016
25,9074;-0,00355;0,00099;-0,00123
25,9179;-0,00248;0,00046;-0,00070
25,9283;-0,00248;0,00099;-0,00123
25,9384;-0,00089;0,00152;-0,00016
25,9553;-0,00195;0,00259;-0,00016
25,9596;-0,00089;0,00046;-0,00070
25,9697;0,00071;0,00206;-0,00070
25,9808;0,00018;0,00366;-0,00016
25,9891;-0,00035;0,00046;-0,00123
25,9993;0,00018;0,00099;-0,00123
26,0095;0,00231;0,00259;-0,00176
26,0196;0,00071;0,00152;-0,00070
26,0336;0,00125;-0,00167;-0,00123
26,0359;0,00071;-0,00274;-0,00070
26,0464;-0,00195;-0,00114;0,00037
26,0561;0,00071;0,00099;0,00037
26,0672;-0,00035;0,00046;-0,00070
26,0764;-0,00035;0,00099;0,00037
26,0867;0,00125;0,00046;-0,00176
26,0957;-0,00195;0,00046;0,00037
26,1049;0,00284;0,00046;-0,00176
26,1172;-0,00089;0,00152;-0,00016
26,1265;0,00284;0,00099;-0,00070
26,1371;0,00178;0,00099;-0,00123
26,1458;-0,00035;-0,00007;0,00143
26,1569;-0,00035;-0,00114;-0,00123
26,1669;0,00231;-0,00327;0,00143
26,1769;-0,00035;-0,00007;0,00090
26,1868;-0,00089;-0,00007;0,00037
26,1981;0,00125;0,00312;-0,00070
26,2071;0,00018;-0,00167;0,00037
26,2178;0,00178;-0,00220;0,00037
26,2271;0,00071;-0,00220;-0,00070
26,2373;0,00018;0,00099;0,00090
26,2480;0,00071;0,00259;-0,00123
26,2586;-0,00142;0,00099;0,00090
26,2696;-0,00142;-0,00061;-0,00016
26,2793;0,00338;-0,00007;-0,00070
26,2890;0,00125;-0,00061;0,00143
26,2994;0,00071;0,00259;-0,00070
26,3097;-0,00195;-0,00007;-0,00070
26,3192;0,00125;0,00099;-0,00070
26,3400;0,00125;0,00152;-0,00070
26,3409;-0,00195;0,00206;-0,00229
26,3507;0,00284;-0,00007;-0,00123
26,3559;0,00071;-0,00007;-0,00070
26,3676;0,00071;0,00046;-0,00123
26,3760;-0,00142;0,00046;0,00090
26,3870;0,00178;0,00099;-0,00176
26,3962;0,01030;0,00099;-0,00176
26,4059;0,00551;-0,00913;-0,00016
26,4162;-0,00089;-0,00220;-0,00176
26,4260;-0,00461;0,00312;-0,00016
26,4370;-0,00408;0,00472;-0,00016
26,4475;-0,00248;0,00366;-0,00283
26,4573;-0,00089;-0,00114;-0,00016
26,4749;0,00231;-0,00327;0,00090
26,4769;0,00125;0,00099;-0,00070
26,4873;-0,00035;0,00206;0,00037
26,4996;-0,00195;-0,00007;-0,00016
26,5070;-0,00248;0,00046;-0,00123
26,5172;0,00125;0,00046;-0,00016
26,5274;0,00071;-0,00167;-0,00016
26,5381;0,00231;-0,00061;0,00090
26,5496;0,00178;0,00099;-0,00123
26,5586;0,00125;-0,00007;0,00143
26,5727;0,00018;0,00099;-0,00123
26,5793;0,00125;0,00046;-0,00123
26,5906;0,00178;-0,00220;-0,00016
26,5993;0,00018;0,00046;-0,00070
26,6098;0,00018;0,00046;-0,00070
26,6193;-0,00089;0,00099;-0,00229
26,6301;0,00231;0,00046;-0,00176
26,6401;0,00018;0,00099;0,00037
26,6503;0,00178;0,00046;0,00037
26,6561;0,00125;0,00099;-0,00070
26,6657;0,00231;-0,00167;-0,00016
26,6771;-0,00142;-0,00007;-0,00016
26,6858;0,00231;-0,00007;-0,00016
26,6996;0,00125;0,00046;-0,00070
26,7074;-0,00035;-0,00007;0,00037
26,7251;-0,00142;-0,00061;-0,00070
26,7268;0,00018;-0,00061;-0,00229
26,7365;0,00178;0,00099;0,00037
26,7490;-0,00089;-0,00007;-0,00070
26,7564;-0,00142;0,00046;-0,00176
26,7665;0,00125;0,00046;-0,00070
26,7765;0,00178;-0,00167;0,00090
26,7866;0,00018;-0,00007;-0,00070
26,7967;-0,00035;-0,00007;-0,00016
26,8066;-0,00035;-0,00007;-0,00016
26,8169;0,00178;0,00099;-0,00123
26,8279;0,00125;-0,00007;-0,00123
26,8387;-0,00089;0,00046;0,00037
26,8498;-0,00142;0,00099;-0,00016
26,8583;0,00018;-0,00220;-0,00016
26,8686;0,00071;0,00046;-0,00176
26,8784;-0,00195;-0,00220;0,00090
26,8892;0,00018;0,00099;-0,00016
26,8990;0,00071;0,00046;-0,00070
26,9095;0,00125;-0,00007;-0,00283
26,9193;0,00071;-0,00061;-0,00016
26,9291;0,00391;-0,00007;0,00037
26,9391;0,00018;-0,00007;0,00143
26,9493;0,00284;-0,00007;-0,00070
26,9599;-0,00089;0,00046;0,00037
26,9741;0,00018;-0,00007;-0,00070
26,9837;0,00018;-0,00007;0,00037
26,9890;0,00071;0,00046;0,00037
26,9952;0,00178;-0,00220;-0,00070
27,0058;0,00071;0,00312;0,00090
27,0161;0,00071;-0,00061;-0,00016
27,0259;0,00178;-0,00007;-0,00176
27,0355;0,00125;0,00046;-0,00016
27,0460;0,00338;-0,00061;-0,00123
27,0558;-0,00089;0,00046;-0,00016
27,0664;0,00018;-0,00061;0,00090
27,0784;-0,00195;0,00099;-0,00123
27,0889;0,00178;-0,00007;0,00037
27,0968;0,00071;-0,00007;-0,00016
27,1066;0,00231;-0,00061;-0,00070
27,1169;0,00018;0,00046;-0,00016
27,1276;0,00178;-0,00167;-0,00070
27,1383;-0,00195;-0,00007;-0,00070
27,1473;0,00071;0,00259;-0,00016
27,1586;-0,00035;0,00099;-0,00070
27,1684;0,00071;-0,00007;-0,00123
27,1792;-0,00142;-0,00114;-0,00070
27,1893;0,00071;0,00152;0,00143
27,1999;0,00125;0,00099;-0,00123
27,2098;-0,00035;0,00099;0,00090
27,2269;0,00178;0,00152;-0,00176
27,2293;-0,00089;-0,00007;0,00090
27,2394;0,00178;0,00046;-0,00016
27,2520;-0,00142;0,00046;-0,00176
27,2604;-0,00195;-0,00114;-0,00016
27,2696;-0,00142;0,00046;-0,00070
27,2807;0,00178;-0,00114;-0,00123
27,2860;0,00018;-0,00061;-0,00070
27,2959;0,00071;0,00099;-0,00070
27,3068;0,00125;0,00099;-0,00123
27,3162;-0,00195;0,00099;-0,00070
27,3267;0,00125;0,00206;-0,00123
27,3432;-0,00089;-0,00114;-0,00176
27,3459;-0,00035;-0,00167;0,00090
27,3559;-0,00142;-0,00167;-0,00123
27,3656;-0,00089;-0,00061;0,00090
27,3763;0,00178;-0,00114;-0,00070
27,3865;0,00071;-0,00007;0,00037
27,3969;0,00231;0,00152;-0,00016
27,4072;0,00125;-0,00167;-0,00016
27,4174;0,00178;-0,00007;-0,00123
27,4284;-0,00035;0,00206;0,00090
27,4380;-0,00035;-0,00061;-0,00070
27,4480;0,00178;-0,00007;0,00090
27,4586;-0,00035;-0,00061;-0,00283
27,4785;0,00018;0,00046;0,00090
27,4797;0,00071;0,00099;-0,00176
27,4894;0,00071;0,00099;-0,00229
27,4991;0,00231;-0,00167;-0,00123
27,5108;0,00018;0,00152;-0,00123
27,5198;0,00071;-0,00007;-0,00176
27,5289;0,00071;0,00046;-0,00016
27,5389;0,00125;-0,00061;0,00197
27,5495;0,00071;0,00046;-0,00229
27,5593;-0,00035;-0,00061;-0,00176
27,5699;0,00178;-0,00061;-0,00016
27,5803;-0,00089;-0,00114;-0,00070
27,5871;0,00071;-0,00114;0,00037
27,5953;0,00125;0,00099;0,00037
27,6061;0,00071;-0,00114;-0,00070
27,6163;-0,00035;-0,00007;0,00037
27,6259;0,00125;-0,00167;0,00037
27,6355;0,00284;0,00046;-0,00070
27,6459;0,00071;-0,00007;-0,00070
27,6563;-0,00035;0,00046;-0,00123
27,6667;0,00125;-0,00114;-0,00070
27,6768;0,00018;-0,00061;-0,00176
27,6870;-0,00089;-0,00114;-0,00016
27,6972;0,00178;0,00152;0,00090
27,7071;-0,00089;-0,00114;-0,00070
27,7174;0,00178;-0,00114;-0,00016
27,7280;-0,00142;-0,00061;-0,00070
27,7390;-0,00035;-0,00007;0,00037
27,7492;0,00125;0,00152;-0,00016
27,7594;0,00018;0,00152;0,00090
27,7694;0,00071;-0,00061;-0,00176
27,7788;0,00231;-0,00007;0,00250
27,7883;0,00178;-0,00007;-0,00070
27,7991;0,00071;0,00046;-0,00176
27,8098;-0,00089;-0,00061;-0,00016
27,8197;0,00231;-0,00114;-0,00070
27,8301;0,00071;-0,00007;-0,00016
27,8391;0,00071;-0,00061;-0,00070
27,8501;-0,00089;-0,00007;0,00037
27,8645;-0,00035;-0,00007;-0,00070
27,8699;0,00071;-0,00007;-0,00016
27,8796;0,00125;-0,00114;-0,00123
27,8910;0,00018;0,00099;-0,00016
27,8956;0,00231;0,00152;-0,00070
27,9057;0,00018;0,00206;0,00090
27,9167;0,00125;-0,00167;0,00037
27,9260;0,00178;0,00152;0,00143
27,9372;0,00018;-0,00061;-0,00070
27,9466;0,00231;0,00206;-0,00016
27,9566;0,00178;-0,00061;-0,00176
27,9680;0,00018;-0,00114;-0,00123
27,9822;0,00018;0,00046;-0,00123
27,9869;-0,00142;0,00152;0,00037
27,9966;0,00071;-0,00007;0,00090
28,0075;0,00284;-0,00167;-0,00070
28,0171;0,00071;-0,00114;-0,00016
28,0270;0,00125;-0,00220;-0,00016
28,0377;0,00125;0,00046;-0,00016
28,0474;0,00178;-0,00114;-0,00070
28,0578;-0,00035;0,00046;-0,00070
28,0685;0,00178;0,00046;-0,00123
28,0781;-0,00035;-0,00114;-0,00123
28,0878;0,00125;0,00046;0,00037
28,0998;0,00018;-0,00007;0,00090
28,1151;0,00178;-0,00007;-0,00176
28,1193;-0,00035;0,00046;-0,00123
28,1291;0,00125;0,00046;-0,00123
28,1392;0,00018;-0,00114;0,00090
28,1494;0,00071;0,00099;-0,00070
28,1600;0,00284;-0,00167;-0,00176
28,1701;0,00018;0,00046;-0,00123
28,1810;-0,00248;0,00259;0,00037
28,1904;0,00178;-0,00007;-0,00123
28,1961;0,00125;0,00099;-0,00070
28,2071;-0,00035;0,00099;-0,00070
28,2327;0,00018;0,00312;-0,00176
28,2328;0,00125;0,00206;-0,00016
28,2407;-0,00089;-0,00061;-0,00070
28,2454;0,00071;-0,00167;-0,00176
28,2596;0,00071;-0,00007;-0,00070
28,2660;0,00125;-0,00007;-0,00123
28,2760;0,00018;-0,00114;-0,00070
28,2863;0,00071;-0,00007;0,00037
28,2959;-0,00035;-0,00061;0,00037
28,3065;0,00018;-0,00007;0,00143
28,3169;0,00125;0,00099;-0,00123
28,3275;0,00125;0,00046;-0,00123
28,3371;-0,00142;-0,00061;-0,00123
28,3472;0,00125;0,00099;-0,00176
28,3597;-0,00089;0,00152;-0,00070
28,3704;-0,00195;0,00099;0,00143
28,3774;0,00071;-0,00114;-0,00123
28,3877;-0,00035;0,00259;-0,00070
28,3976;0,00071;0,00046;0,00143
28,4082;-0,00089;-0,00007;-0,00070
28,4178;0,00071;0,00099;-0,00123
28,4292;0,00018;-0,00007;-0,00016
28,4385;0,00018;0,00206;0,00037
28,4486;0,00178;-0,00220;-0,00229
28,4587;0,00071;-0,00061;0,00037
28,4705;-0,00089;-0,00007;0,00037
28,4801;0,00231;0,00152;-0,00070
28,4897;0,00018;-0,00114;0,00143
28,4997;-0,00142;-0,00061;0,00090
28,5046;0,00125;0,00152;0,00197
28,5155;0,00178;-0,00167;-0,00016
28,5252;0,00178;0,00152;-0,00176
28,5363;-0,00035;0,00152;0,00037
28,5452;0,00071;-0,00061;-0,00070
28,5553;-0,00035;-0,00007;-0,00123
28,5657;0,00178;-0,00220;0,00090
28,5756;-0,00089;0,00206;-0,00176
28,5859;0,00125;0,00152;-0,00176
28,5963;-0,00035;-0,00061;-0,00070
28,6063;0,00231;0,00046;-0,00070
28,6185;0,00125;-0,00061;0,00037
28,6269;0,00018;-0,00007;-0,00016
28,6369;0,00071;-0,00114;-0,00229
28,6488;0,00178;-0,00061;0,00303
28,6587;-0,00142;-0,00007;-0,00016
28,6674;0,00178;-0,00114;-0,00070
28,6788;-0,00195;-0,00007;-0,00016
28,6888;-0,00035;0,00206;-0,00070
28,6988;-0,00089;-0,00061;-0,00176
28,7103;0,00018;0,00099;0,00037
28,7197;-0,00035;-0,00007;0,00090
28,7288;0,00071;-0,00061;-0,00070
28,7400;0,00231;-0,00167;-0,00176
28,7530;-0,00035;-0,00007;0,00143
28,7601;0,00018;-0,00061;-0,00016
28,7693;0,00071;-0,00007;-0,00016
28,7811;-0,00035;-0,00167;-0,00123
28,7898;-0,00035;-0,00007;-0,00070
28,8001;0,00018;0,00046;-0,00016
28,8055;-0,00035;-0,00061;0,00090
28,8166;0,00178;-0,00114;-0,00123
28,8261;0,00284;-0,00061;-0,00070
28,8365;0,00018;0,00046;-0,00070
28,8461;0,00125;0,00099;-0,00176
28,8560;-0,00035;-0,00114;-0,00123
28,8686;0,00231;0,00099;-0,00123
28,8788;0,00071;0,00046;-0,00070
28,8862;0,00018;-0,00114;-0,00016
28,8969;0,00125;0,00206;-0,00016
28,9063;-0,00089;-0,00007;-0,00070
28,9171;0,00018;-0,00007;-0,00070
28,9266;0,00018;-0,00114;-0,00070
28,9371;-0,00035;-0,00007;-0,00016
28,9480;0,00178;-0,00007;0,00037
28,9582;-0,00035;0,00046;0,00037
28,9686;0,00018;-0,00007;0,00037
28,9792;0,00125;0,00046;-0,00123
28,9886;0,00018;-0,00114;-0,00070
28,9989;-0,00035;0,00152;0,00090
29,0080;0,00071;0,00099;-0,00176
29,0179;0,00071;0,00046;-0,00016
29,0283;0,00071;0,00152;-0,00123
29,0393;-0,00142;0,00099;-0,00016
29,0489;0,00178;0,00152;-0,00070
29,0604;0,00125;-0,00007;-0,00016
29,0694;0,00018;-0,00061;-0,00123
29,0796;0,00071;0,00206;-0,00123
29,0892;0,00071;0,00099;0,00143
29,0997;0,00071;-0,00061;-0,00123
29,1102;0,00071;-0,00007;-0,00070
29,1174;0,00071;0,00046;-0,00176
29,1259;0,00231;-0,00167;-0,00070
29,1352;0,00071;0,00046;-0,00070
29,1451;-0,00089;-0,00061;0,00090
29,1557;0,00071;-0,00114;-0,00070
29,1653;-0,00035;0,00206;0,00037
29,1757;0,00284;-0,00220;-0,00229
29,1855;-0,00089;0,00206;0,00037
29,1962;0,00125;0,00046;-0,00229
29,2067;0,00231;0,00099;0,00090
29,2171;0,00178;-0,00061;0,00037
29,2282;0,00178;0,00312;0,00090
29,2380;-0,00035;0,00046;-0,00283
29,2547;-0,00142;0,00099;0,00037
29,2655;0,00018;-0,00007;0,00037
29,2675;0,00018;0,00099;-0,00176
29,2781;0,00071;0,00099;-0,00070
29,2890;-0,00302;-0,00007;0,00090
29,2980;0,00018;-0,00167;0,00090
29,3087;0,00125;0,00046;-0,00070
29,3197;0,00071;-0,00167;-0,00176
29,3299;0,00125;0,00152;-0,00016
29,3405;0,00125;-0,00061;-0,00176
29,3502;0,00178;-0,00167;-0,00070
29,3595;-0,00035;-0,00167;0,00037
29,3729;0,00178;-0,00007;-0,00229
29,3794;-0,00089;-0,00114;0,00037
29,3895;0,00018;0,00206;-0,00123
29,3999;0,00071;-0,00220;0,00090
29,4102;-0,00089;-0,00007;-0,00123
29,4164;0,00018;0,00206;-0,00123
29,4257;0,00125;0,00099;-0,00016
29,4369;0,00178;0,00099;-0,00176
29,4466;0,00178;-0,00114;0,00143
29,4568;0,00071;-0,00061;-0,00070
29,4658;0,00018;-0,00061;-0,00070
29,4762;-0,00035;0,00259;0,00197
29,4850;0,00178;0,00099;-0,00070
29,5079;0,00071;-0,00114;-0,00016
29,5082;0,00125;0,00152;-0,00016
29,5163;-0,00035;-0,00061;-0,00123
29,5258;0,00018;-0,00007;-0,00070
29,5368;0,00071;0,00152;-0,00070
29,5477;0,00125;-0,00114;-0,00016
29,5574;-0,00142;-0,00007;-0,00070
29,5671;-0,00035;-0,00007;-0,00016
29,5773;0,00018;-0,00220;-0,00176
29,5880;0,00071;-0,00007;-0,00070
29,5984;-0,00089;0,00206;0,00143
29,6087;0,00018;0,00046;0,00090
29,6191;0,00125;0,00206;-0,00070
29,6285;-0,00089;-0,00114;-0,00070
29,6397;-0,00035;-0,00274;0,00037
29,6493;0,00125;0,00099;-0,00070
29,6595;0,00338;0,00046;-0,00176
29,6699;-0,00089;0,00152;-0,00070
29,6800;0,00125;-0,00007;-0,00123
29,6895;-0,00035;-0,00114;0,00037
29,6997;0,00018;-0,00061;-0,00016
29,7094;-0,00035;0,00046;-0,00016
29,7197;0,00071;-0,00007;0,00143
29,7253;-0,00035;-0,00007;0,00037
29,7364;-0,00089;0,00046;0,00090
29,7453;-0,00089;0,00046;-0,00176
29,7559;0,00338;-0,00007;-0,00229
29,7657;0,00018;0,00099;-0,00176
29,7758;0,00071;-0,00061;-0,00016
29,7854;0,00178;-0,00061;-0,00016
29,7958;0,00071;0,00046;-0,00123
29,8059;0,00071;-0,00007;-0,00070
29,8158;0,00178;0,00152;-0,00229
29,8263;-0,00035;-0,00007;-0,00070
29,8382;0,00125;-0,00061;0,00090
29,8463;-0,00089;-0,00007;0,00090
29,8561;0,00231;-0,00061;-0,00336
29,8667;-0,00142;0,00099;-0,00070
29,8771;0,00018;0,00099;-0,00070
29,8870;0,00231;0,00259;-0,00123
29,8973;-0,00035;-0,00274;0,00090
29,9077;0,00018;-0,00167;-0,00016
29,9179;-0,00089;0,00046;-0,00016
29,9282;0,00018;-0,00380;-0,00176
29,9396;-0,00089;0,00046;-0,00176
29,9511;-0,00195;0,00152;-0,00070
29,9587;0,00178;0,00099;0,00037
29,9687;-0,00035;0,00152;-0,00016
29,9792;-0,00035;-0,00114;-0,00123
29,9924;0,00125;-0,00007;0,00037
30,0021;-0,00248;0,00152;-0,00070
30,0108;0,07475;-0,43257;-0,01241
30,0219;0,02095;-0,34309;-0,00070
30,0265;0,02042;-0,22165;-0,00549
30,0355;0,00764;-0,05813;-0,00176
30,0458;-0,01527;0,18795;0,00250
30,0551;-0,03178;0,36371;0,00889
30,0675;-0,04137;0,39194;-0,00070
30,0759;-0,00355;-0,04322;-0,00176
30,0858;-0,00248;0,02656;-0,00070
